Track URI,Track Name,Album Name,Artist Name(s),Release Date,Duration (ms),Popularity,Explicit,Added By,Added At,Genres,Record Label,Danceability,Energy,Key,Loudness,Mode,Speechiness,Acousticness,Instrumentalness,Liveness,Valence,Tempo,Time Signature
spotify:track:27z9Pnkr2gPRBuOy9TmCdC,"Big Science - Arca Remix","Big Science (Arca Remix)","Laurie Anderson;Arca",2022-01-19,613240,15,false,1225721008,2022-01-21T04:15:47Z,"art pop,avant-garde,art rock,spoken word,neoperreo,experimental,hyperpop","Nonesuch",0.556,0.55,10,-9.196,1,0.0518,0.657,0.925,0.0847,0.134,74.424,4
spotify:track:3mOxcfI8ZZwUY8YGGQjeMk,"From Pacifica Koral Reef","From Pacifica Koral Reef","Wadada Leo Smith;Henry Kaiser;Alex Varty",2021-12-17,288054,0,false,1225721008,2022-01-21T13:04:23Z,"free jazz,avant-garde,experimental jazz,jazz,plunderphonics,art rock","577 Records",0.341,0.0626,2,-11.963,1,0.0323,0.879,0.431,0.103,0.235,93.754,3
spotify:track:4B10jul76vZa4CxWtwgXg3,"The Wild Kindness (feat. Cassie Berman)","Blind Date Party","Bill Callahan;Bonnie Prince Billy",2021-12-10,212053,20,false,1225721008,2022-01-22T00:59:41Z,"alt country,indie folk,americana","Drag City Records",0.404,0.754,4,-4.554,0,0.0322,0.612,0.0000369,0.281,0.373,110.123,4
spotify:track:3sRH0O4igyGvw4E8yG9SyE,"The Night of Santiago (feat. David Grubbs)","Blind Date Party","Bill Callahan;Bonnie Prince Billy;David Grubbs",2021-12-10,256333,14,false,1225721008,2022-01-22T01:09:20Z,"alt country,indie folk,americana,post-rock,slowcore,electroacoustic,avant-garde,experimental,experimental jazz","Drag City Records",0.414,0.26,0,-10.401,1,0.0565,0.703,0.0000395,0.104,0.211,74.565,4
spotify:track:4MDbpgIJXQWZJGiJtY4aL3,"Rooftop Garden (feat. George Xylouris)","Blind Date Party","Bill Callahan;Bonnie Prince Billy;George Xylouris",2021-12-10,380973,13,false,1225721008,2022-01-22T01:30:52Z,"alt country,indie folk,americana","Drag City Records",0.399,0.705,7,-7.192,1,0.0339,0.0248,0.0355,0.342,0.481,123.453,4
spotify:track:7r7lKry2CvHc6wK6c1ZgtO,"Don't Forget You're Precious","Don't Forget You're Precious","Alabaster DePlume",2022-02-02,221106,0,false,1225721008,2022-02-03T03:31:59Z,"ambient jazz","International Anthem",0.502,0.477,5,-11.826,0,0.0368,0.717,0.531,0.188,0.386,95.047,4
spotify:track:6l8CLM7Feg94VFfO8d3KRX,"Bardo","Bardo","PremRock;billy woods",2022-01-07,275200,1,true,1225721008,2022-02-03T03:34:24Z,"experimental hip hop,underground hip hop,alternative hip hop,east coast hip hop,experimental","Backwoodz Studioz",0.368,0.548,6,-9.527,1,0.0896,0.0303,0.0046,0.425,0.373,76.013,4
spotify:track:0mw3nKb5zvmy3vfmOPqa7u,"Ask me how I sleep at night","For McCoy","Eiko Ishibashi",2022-01-21,316358,18,false,1225721008,2022-02-04T13:55:24Z,"","Black Truffle",0.586,0.406,11,-14.607,1,0.0332,0.263,0.9,0.107,0.264,99.725,4
spotify:track:0y5akbuW5mCnnUe71xATpe,"Concorde","Ants From Up There","Black Country, New Road",2022-02-04,363773,57,false,1225721008,2022-02-05T20:11:24Z,"art rock,post-rock","Ninja Tune",0.565,0.284,9,-11.881,1,0.0286,0.023,0.098,0.113,0.314,131.309,3
spotify:track:1yXwjJKdENIACBE2s80Lfl,"My Name is Nat Cmiel","Glitch Princess","yeule",2022-02-04,171269,22,true,1225721008,2022-02-15T15:02:45Z,"art pop","Bayonet Records",0.526,0.571,11,-11.698,1,0.524,0.519,0,0.309,0.415,133.101,5
spotify:track:1KryzdS3q1e33n3YU7qmJM,"Black Be The Source","Black Be The Source","Fly Anakin;Pink Siifu;Billz Egypt",2022-02-15,217238,0,true,1225721008,2022-02-17T19:46:23Z,"experimental hip hop","Lex Records",0.431,0.735,10,-9.352,0,0.363,0.117,0.461,0.327,0.329,164.869,4
spotify:track:3ZHhRhfvxxRazOHpSEmu9s,"The Tonight Show","Continuance","Curren$y;The Alchemist",2022-02-18,148946,37,true,1225721008,2022-02-19T19:00:15Z,"southern hip hop,alternative hip hop,jazz rap,experimental hip hop,boom bap","Jet Life Recordings / ALC / EMPIRE",0.365,0.367,7,-11.324,1,0.219,0.523,0.000265,0.1,0.539,79.333,5
spotify:track:723VfjPicXmhDNyJEEww3H,"A Time for Healing","A Time for Healing","The Kahil El'Zabar Quartet",2022-02-04,789054,0,false,1225721008,2022-02-23T12:46:52Z,"experimental jazz","Spiritmuse Records",0.598,0.0457,9,-21.804,0,0.0406,0.264,0.00194,0.0707,0.459,104.041,4
spotify:track:1XMudpPu9E0eTyIG4jHXM2,"Urban Shaman","A Time for Healing","The Kahil El'Zabar Quartet",2022-02-04,642751,0,false,1225721008,2022-02-23T13:11:40Z,"experimental jazz","Spiritmuse Records",0.673,0.165,1,-20.717,1,0.0453,0.45,0.000156,0.081,0.605,113.885,4
spotify:track:51J7kWsQFdZkZMrMmvm6zw,"We'll Get Through This","A Time for Healing","The Kahil El'Zabar Quartet",2022-02-04,362776,0,false,1225721008,2022-02-23T14:10:18Z,"experimental jazz","Spiritmuse Records",0.508,0.0501,2,-19.588,0,0.0445,0.814,0.0016,0.112,0.147,152.124,4
spotify:track:7cHKbRJEYDLrs0NBV0GLxQ,"Time IS","A Time for Healing","The Kahil El'Zabar Quartet",2022-02-04,651726,0,false,1225721008,2022-02-23T14:26:45Z,"experimental jazz","Spiritmuse Records",0.549,0.179,1,-19.797,1,0.116,0.0868,0.0932,0.095,0.287,166.595,4
spotify:track:4HhwsxEZeyCBoy2iF6NNX3,"Engine (eavesdropping)","caroline","caroline",2022-02-25,341906,21,false,1225721008,2022-02-25T20:25:11Z,"slowcore,post-rock","Rough Trade",0.152,0.229,7,-12.355,1,0.0373,0.386,0.838,0.11,0.0351,90.224,4
spotify:track:6bs7m1ORRVmW3P1VpbhDA3,"zilch","caroline","caroline",2022-02-25,128000,18,false,1225721008,2022-02-25T20:36:13Z,"slowcore,post-rock","Rough Trade",0.557,0.168,1,-13.766,1,0.095,0.756,0.681,0.0571,0.262,80.347,4
spotify:track:3k0anOnO61MuazyByOwZLq,"Natural death","caroline","caroline",2022-02-25,520000,19,false,1225721008,2022-02-25T20:39:45Z,"slowcore,post-rock","Rough Trade",0.22,0.378,2,-9.306,1,0.0595,0.833,0.0938,0.081,0.0462,77.623,4
spotify:track:6wQR4GS12uMHKx9H7aapou,"IWR","caroline","caroline",2022-02-25,389506,25,false,1225721008,2022-02-25T22:09:22Z,"slowcore,post-rock","Rough Trade",0.321,0.152,7,-10.252,1,0.0303,0.67,0.0153,0.123,0.0686,139.518,4
spotify:track:5JVZIGX0AWLYmT0z6rywxo,"Fayahh (Ayo Girl & Love Me Back Beat)","Fayahh (Ayo Girl & Love Me Back Beat)","Robinson",2022-01-14,208453,47,false,1225721008,2022-03-02T23:57:49Z,"","APG",0.582,0.486,6,-10.849,1,0.0459,0.0832,0.879,0.0994,0.653,95.191,4
spotify:track:0YLXTDCnIDYV1DZUpcQYzx,"Gestures (with Arve Henriksen)","Only Love From Now On","Carmen Villain;Arve Henriksen",2022-02-25,458898,13,false,1225721008,2022-03-03T17:22:29Z,"ambient jazz,ambient,dark ambient,drone,experimental jazz","Smalltown Supersound",0.672,0.24,1,-19.131,1,0.0362,0.483,0.836,0.108,0.0511,119.98,4
spotify:track:6rcN2o3VekKCrwdvJlPN74,"Apsara","Apsara","Carl Stone",2022-03-04,258000,0,false,1225721008,2022-03-04T16:07:32Z,"plunderphonics,electroacoustic,musique concrète,avant-garde,minimalism,drone,experimental,glitch","Unseen Worlds",0.464,0.894,9,-9.395,0,0.228,0.245,0.00987,0.428,0.374,130.041,4
spotify:track:52L4voy7ONzIJbB4HRCUZP,"Open Channels","Open Channels","BADBADNOTGOOD",2022-03-02,262742,13,false,1225721008,2022-03-04T19:45:40Z,"","XL Recordings",0.208,0.493,7,-9.679,1,0.0404,0.31,0.0789,0.146,0.156,83.015,3
spotify:track:0HwL1iZP8LextHnuC6DB37,"Rust","Fly Me to the Moon","Joseph Shabason;Vibrant Matter",2022-03-04,278345,1,false,1225721008,2022-03-04T20:43:46Z,"ambient jazz,ambient,plunderphonics","Séance Centre",0.56,0.356,1,-15.286,1,0.106,0.903,0.87,0.0808,0.125,132.054,4
spotify:track:3K6Pgj3eE42mKk1tZ36bf8,"Winterhaze","Fly Me to the Moon","Joseph Shabason;Vibrant Matter",2022-03-04,306590,13,false,1225721008,2022-03-04T20:55:54Z,"ambient jazz,ambient,plunderphonics","Séance Centre",0.44,0.358,1,-14.828,0,0.0676,0.89,0.878,0.338,0.16,166.04,4
spotify:track:4gvY51tf3STjsEBFvghjjA,"442 - Acoustic","442","Patrick Shiroishi",2022-03-04,351830,0,false,1225721008,2022-03-05T16:15:20Z,"ambient jazz,free jazz,electroacoustic,experimental jazz,avant-garde,experimental","Conjunto Vacío",0.297,0.104,5,-13.532,1,0.0433,0.993,0.0717,0.235,0.15,102.451,3
spotify:track:7tIEXvw4VtEygyziFswiYG,"Almost Gone","Sonescent","Matchess",2022-02-25,1080240,0,false,1225721008,2022-03-05T18:58:00Z,"experimental,drone,ambient folk,ambient,drone metal","Drag City Records",0.137,0.0034,0,-28.14,1,0.0502,0.988,0.948,0.0808,0.0248,98.776,3
spotify:track:6wInULod8pkLRfFcB9bYD0,"Marsh","How Is It That I Should Look At The Stars","The Weather Station",2022-03-04,270598,10,false,1225721008,2022-03-05T18:58:39Z,"indie folk","Fat Possum",0.45,0.0476,2,-22.808,1,0.0389,0.97,0.00164,0.14,0.0777,88.644,4
spotify:track:2PCLuWyWv0Qw9LH6NflJrk,"Alots B4","Fiscal, Remote, Distilled","Blanche Blanche Blanche",2022-02-14,196480,2,false,1225721008,2022-03-05T19:23:42Z,"avant-garde","la Loi",0.748,0.543,4,-9.444,0,0.0453,0.859,0.575,0.107,0.833,98.592,3
spotify:track:3cKNjBmSCxzqnCoLYqyZTi,"Inner City Blues","Mainstream Funk","Sarah Vaughan",2022-01-28,250538,2,false,1225721008,2022-03-05T19:26:58Z,"vocal jazz,jazz,jazz ballads","WeWantSounds",0.423,0.64,7,-11.695,0,0.0538,0.767,0.00733,0.192,0.738,93.847,4
spotify:track:5PsnqDrCK3dvGIpJjiYl4n,"Quiet Afternoon","Mainstream Funk","Buddy Terry",2022-01-28,613519,0,false,1225721008,2022-03-05T20:16:57Z,"free jazz,jazz funk,soul jazz,funk gospel","WeWantSounds",0.37,0.657,7,-11.392,1,0.0494,0.417,0.834,0.105,0.495,119.532,4
spotify:track:2sObF28LfxyamtjF2yVubi,"Super Duper Love","Mainstream Funk","Sugar Billy",2022-01-28,196172,1,false,1225721008,2022-03-05T20:42:46Z,"","WeWantSounds",0.515,0.734,7,-8.327,1,0.499,0.16,0,0.294,0.783,185.706,4
spotify:track:3qSyMYXUoHu6T48CdwBEqa,"Little Heart of Pieces","Mainstream Funk","Barry Miles",2022-01-28,273064,0,false,1225721008,2022-03-05T20:55:47Z,"jazz fusion,free jazz,jazz funk","WeWantSounds",0.556,0.41,10,-14.626,1,0.0376,0.923,0.92,0.126,0.625,105.214,4
spotify:track:25FXh3ucz4vLe3dkbpVi35,"Lift","The 7th Hand","Immanuel Wilkins",2022-01-28,1582068,12,false,1225721008,2022-03-07T15:26:11Z,"jazz,indie jazz","Blue Note Records",0.35,0.651,2,-9.033,1,0.0656,0.691,0.758,0.122,0.238,112.788,4
spotify:track:6jMgDEsM6WPi5r7WZD2nov,"Because Because","Feeding the Machine","Binker and Moses;Max Luthert",2022-02-25,586706,0,false,1225721008,2022-03-07T22:02:59Z,"free jazz,nu jazz,experimental jazz,indie jazz,jazz","Gearbox Records",0.219,0.695,2,-10.544,1,0.0666,0.027,0.79,0.102,0.0396,99.3,4
spotify:track:0q9GWZd6dEJGFmQnJ8M47a,"June","June","Destroyer",2022-03-09,393080,0,false,1225721008,2022-03-12T04:02:58Z,"art pop","Merge Records",0.717,0.81,0,-7.596,0,0.0826,0.0942,0.00795,0.153,0.786,110.027,4
spotify:track:1WStBZcSBOEaRibN9BFSA0,"Manifestin","Manifestin","Angelo Arce;Madlib;Wildchild",2022-03-10,222169,0,true,1225721008,2022-03-12T18:41:11Z,"experimental hip hop,alternative hip hop,jazz rap,plunderphonics","Fat Beats Records",0.69,0.814,6,-6.501,0,0.358,0.181,0,0.219,0.524,91.107,4
spotify:track:2mUt1D6StaEW9APZvYtrh1,"Kimbé Rèd!","Lèspri Ka : New Directions in Gwoka Music from Guadeloupe 1981-2010","Gui Konket",2022-01-28,255520,0,false,1225721008,2022-03-18T19:38:12Z,"","Time Capsule",0.539,0.832,10,-10.924,1,0.264,0.463,0.00201,0.307,0.372,110.905,4
spotify:track:735sRfdmaj6E5FplNU7LAe,"Matla La Mouyé","Lèspri Ka : New Directions in Gwoka Music from Guadeloupe 1981-2010","Michel Laurent",2022-01-28,241106,0,false,1225721008,2022-03-18T19:42:23Z,"maloya","Time Capsule",0.852,0.915,8,-8.456,0,0.0741,0.444,0.241,0.144,0.899,119.968,4
spotify:track:5tmrMIajDQRBcJQPaoAGdk,"BULERÍAS","MOTOMAMI","ROSALÍA",2022-03-18,155861,53,false,1225721008,2022-03-19T01:43:27Z,"latin","Columbia",0.774,0.458,0,-6.301,1,0.303,0.932,0.000122,0.191,0.757,127.33,3
spotify:track:5RRnzZDeT2aGltCwKnXT1h,"Recovery","Music from the Accident","Colpitts",2022-03-18,993847,0,false,1225721008,2022-03-21T20:52:14Z,"indie electronic","Thrill Jockey",0.138,0.716,1,-10.919,1,0.0928,0.14,0.956,0.105,0.159,66.653,3
spotify:track:5SfQRqIR5NRZhLqpX2Z6sE,"Bad Business (Killswitch)","Frank","Fly Anakin",2022-03-11,128004,0,true,1225721008,2022-03-23T01:23:09Z,"experimental hip hop","Lex Records",0.643,0.774,5,-9.207,0,0.319,0.482,0.00000741,0.373,0.598,92.698,4
spotify:track:16JGYp893Nuk81wo6SscAk,"Step on Step","Step on Step","Charles Stepney",2022-03-23,237444,0,false,1225721008,2022-03-23T15:04:48Z,"","International Anthem",0.692,0.402,0,-13.679,1,0.0336,0.906,0.829,0.1,0.668,104.799,4
spotify:track:1PUsAj8qzPMRQi2m0GVVQR,"Multi-Game Arcade Cabinet","Multi-Game Arcade Cabinet","Open Mike Eagle;R.A.P. Ferreira;Video Dave;STILL RIFT",2022-03-25,186000,0,false,1225721008,2022-03-29T23:41:30Z,"experimental hip hop,alternative hip hop,underground hip hop,jazz rap","Auto Reverse",0.548,0.581,7,-10.922,1,0.807,0.521,0,0.141,0.6,170.597,4
spotify:track:3x9UBH1vVMNVLCPTx9duyZ,"No Yeast (feat. Boldy James)","Continuance","Curren$y;The Alchemist;Boldy James",2022-02-18,243840,49,true,1225721008,2022-03-31T13:09:49Z,"southern hip hop,alternative hip hop,jazz rap,experimental hip hop,boom bap","Jet Life Recordings / ALC / EMPIRE",0.514,0.449,6,-12.713,1,0.342,0.853,0.000198,0.711,0.622,65.451,4
spotify:track:7hfZQ4Ri6mLQbOjeMXKXrW,"Walter Speaks (Feat. Walter Smith III)","New Gospel Revisited","Marquis Hill;Walter Smith III",2022-03-18,136453,4,false,1225721008,2022-04-07T13:40:54Z,"jazz,experimental jazz,nu jazz","Edition Records",0.52,0.158,2,-14.417,0,0.183,0.96,0.0421,0.337,0.694,167.809,4
spotify:track:6koId3uVvqqEXZfLbzULh6,"Lullaby (Feat. Joel Ross)","New Gospel Revisited","Marquis Hill;Joel Ross",2022-03-18,201360,4,false,1225721008,2022-04-07T14:01:47Z,"jazz,experimental jazz,nu jazz,christian jazz","Edition Records",0.303,0.195,2,-20.427,0,0.0425,0.991,0.901,0.115,0.118,135.324,3
spotify:track:7ywOerFm0G54DxRkCdN8Hr,"Autumn (Live)","New Gospel Revisited","Marquis Hill",2022-03-18,584920,9,false,1225721008,2022-04-07T14:13:23Z,"jazz,experimental jazz,nu jazz","Edition Records",0.518,0.34,5,-14.975,1,0.0351,0.679,0.415,0.606,0.36,101.323,4
spotify:track:3ShbiCIjMiQMl9b6L0esmg,"The Thump (Live)","New Gospel Revisited","Marquis Hill",2022-03-18,483026,7,false,1225721008,2022-04-07T14:43:46Z,"jazz,experimental jazz,nu jazz","Edition Records",0.457,0.485,1,-11.949,1,0.0535,0.402,0.748,0.093,0.627,100.944,4
spotify:track:32SGsDxvw6D1B7yLxTt4m6,"Smile #8 (Je3's Eextendedd Megadance Version for Star)(see page 182)","for Star (Crater Speak)","Slauson Malone 1",2022-04-06,280900,9,false,1225721008,2022-04-07T14:52:16Z,"experimental hip hop,plunderphonics","Grand Closing",0.658,0.144,4,-15.264,0,0.0512,0.899,0.938,0.123,0.21,106.733,4
spotify:track:2gAdcHPk2j1wfvRe26nzzo,"Ssmmiillee ##55","for Star (Crater Speak)","Slauson Malone 1",2022-04-06,368474,5,false,1225721008,2022-04-07T16:18:46Z,"experimental hip hop,plunderphonics","Grand Closing",0.149,0.283,10,-18.283,0,0.0354,0.81,0.925,0.181,0.036,90.867,3
spotify:track:7jqt3lbEDZgoa0hQ3JaxrX,"Lonely","Dark Humor","Jana Rush;DJ Paypal",2022-03-25,362976,0,false,1225721008,2022-04-07T17:16:53Z,"footwork","Planet Mu",0.522,0.559,6,-8.569,0,0.0942,0.000485,0.78,0.0982,0.241,160.014,4
spotify:track:3lmZndANzboiR0oGAusNdG,"Make Bitches Cum","Dark Humor","Jana Rush",2022-03-25,176677,0,true,1225721008,2022-04-07T17:39:26Z,"footwork","Planet Mu",0.747,0.819,11,-10.12,0,0.142,0.00445,0.801,0.365,0.89,160.491,4
spotify:track:5UgkmxdEqJV0WqBVcLmrSG,"Heavy Water","Aethiopes","billy woods;El-P;Breeze Brewin",2022-04-08,143781,0,true,1225721008,2022-04-08T19:15:35Z,"experimental hip hop,alternative hip hop,east coast hip hop,experimental,underground hip hop","Backwoodz Studioz",0.332,0.729,1,-7.651,1,0.181,0.349,0.00173,0.266,0.555,97.436,4
spotify:track:60Cm4aPAWANgWW3H9eW5xq,"Sauvage","Aethiopes","billy woods;Boldy James;Gabe 'Nandez",2022-04-08,187098,0,true,1225721008,2022-04-09T16:42:05Z,"experimental hip hop,alternative hip hop,east coast hip hop,experimental,jazz rap,boom bap","Backwoodz Studioz",0.444,0.642,10,-9.805,0,0.302,0.56,0,0.321,0.484,81.169,4
spotify:track:1x1madOc1HajmqGA50fkTR,"Asylum","Aethiopes","billy woods",2022-04-08,162494,0,true,1225721008,2022-04-14T00:20:22Z,"experimental hip hop,alternative hip hop,east coast hip hop,experimental","Backwoodz Studioz",0.367,0.729,6,-9.062,1,0.0822,0.0724,0.00927,0.484,0.567,86.817,4
spotify:track:54rGVTnLwZvMeHq780fJtw,"No Hard Feelings","Aethiopes","billy woods",2022-04-08,135927,0,true,1225721008,2022-04-14T00:24:46Z,"experimental hip hop,alternative hip hop,east coast hip hop,experimental","Backwoodz Studioz",0.398,0.5,3,-7.32,1,0.0331,0.0606,0.00000811,0.135,0.136,67.205,4
spotify:track:5cKYyuAdPvMM0jAJyKM43B,"You Are In Trouble","We're All Going to the World's Fair (Original Motion Picture Soundtrack)","Alex G",2022-04-15,80906,29,false,1225721008,2022-04-15T13:48:43Z,"","Milan",0.518,0.394,7,-11.066,1,0.0269,0.811,0.249,0.174,0.246,140.084,4
spotify:track:4h9L7U87nYGggwse4Usex5,"Stureby House Piano","Recordings from the Åland Islands","Jeremiah Chiu;Marta Sofia Honer",2022-03-11,299453,24,false,1225721008,2022-04-16T21:33:36Z,"ambient jazz,ambient,drone","International Anthem",0.269,0.202,10,-16.344,0,0.0363,0.969,0.838,0.236,0.245,110.648,4
spotify:track:6jBc6no9tErdC37atN7OLZ,"Kumlinge Kyrka","Recordings from the Åland Islands","Jeremiah Chiu;Marta Sofia Honer",2022-03-11,152573,28,false,1225721008,2022-04-16T21:42:54Z,"ambient jazz,ambient,drone","International Anthem",0.281,0.271,3,-14.823,0,0.0339,0.982,0.974,0.117,0.0479,104.753,1
spotify:track:2IIELm4RfoyxSYuTYDVZ7t,"Air","Air","SAULT",2022-04-15,354966,22,false,1225721008,2022-04-20T22:19:55Z,"","Forever Living Originals",0.217,0.223,1,-13.607,1,0.0314,0.927,0.92,0.213,0.0973,70.347,4
spotify:track:4uWOGNd9dlKPTxnuUS3vFy,"500 Miles High","500 Miles High","Flora Purim",2022-04-07,390000,1,false,1225721008,2022-04-22T18:01:17Z,"brazilian jazz,jazz fusion,latin jazz,bossa nova,vocal jazz","Strut",0.431,0.749,2,-10.862,1,0.0518,0.783,0.0189,0.136,0.224,139.702,4
spotify:track:7GVqvedvUSYWsMhk5XjTzk,"I","Ghosted","Oren Ambarchi;Johan Berthling;Andreas Werliin",2022-04-15,481333,18,false,1225721008,2022-04-25T15:18:43Z,"electroacoustic,drone,ambient,experimental,drone metal,avant-garde,musique concrète,minimalism,free jazz,ambient jazz,experimental jazz","Drag City",0.614,0.477,4,-14.766,1,0.0413,0.211,0.867,0.114,0.915,153.581,4
spotify:track:28WvIRMj3xhoUxR0E8823f,"JET","MAN PLAYS THE HORN","Cities Aviv",2022-02-04,78268,25,true,1225721008,2022-04-25T19:25:56Z,"experimental hip hop,cloud rap","D.O.T.",0.409,0.917,9,-2.881,0,0.121,0.0416,0.112,0.398,0.672,84.559,1
spotify:track:0YyZFR2QaTBXKOfd4vGDKx,"SMOKING ON A BRIGHTER DAY","MAN PLAYS THE HORN","Cities Aviv",2022-02-04,747023,24,true,1225721008,2022-04-25T19:38:23Z,"experimental hip hop,cloud rap","D.O.T.",0.357,0.635,2,-6.971,1,0.039,0.00547,0.621,0.485,0.466,173.789,4
spotify:track:7uelYr5gYO8fLbJVoHSMrG,"BURNING LIGHT IN EYESIGHT","MAN PLAYS THE HORN","Cities Aviv",2022-02-04,93648,16,true,1225721008,2022-04-25T20:08:03Z,"experimental hip hop,cloud rap","D.O.T.",0.221,0.918,8,-1.675,0,0.22,0.00588,0.00000519,0.081,0.392,144.173,3
spotify:track:5Q6JXKEctOs1GqrTYoEuH2,"BOLT THROWER","MAN PLAYS THE HORN","Cities Aviv",2022-02-04,207584,21,true,1225721008,2022-04-25T20:25:46Z,"experimental hip hop,cloud rap","D.O.T.",0.364,0.905,10,-3.024,0,0.0807,0.111,0,0.0874,0.364,73.947,4
spotify:track:553JgWIYwf4tWoyIZQL4sI,"THE FINAL SPARK","MAN PLAYS THE HORN","Cities Aviv",2022-02-04,271397,20,true,1225721008,2022-04-25T20:32:40Z,"experimental hip hop,cloud rap","D.O.T.",0.309,0.739,4,-7.109,0,0.0928,0.0576,0.132,0.126,0.497,126.214,4
spotify:track:36j2ymvz6MsOWZXGr0nSQE,"it feels foolish to care","everything perfect is already here","claire rousay",2022-04-22,905000,0,false,1225721008,2022-04-26T14:03:10Z,"musique concrète,electroacoustic,ambient,drone,experimental","Shelter Press",0.219,0.0991,7,-26.748,1,0.046,0.972,0.821,0.0639,0.0389,85.789,4
spotify:track:1YE55s7z3Ev1r9h7n28ajp,"BET!","BET!","Medhane;JUNIE.",2022-04-27,98000,0,true,1225721008,2022-04-28T22:40:40Z,"experimental hip hop,alternative hip hop","Never Panicking",0.352,0.755,6,-3.32,1,0.331,0.0496,0,0.339,0.914,150.186,4
spotify:track:41oknvOvnbnjcSEM1TZFW7,"Pulse Music II - Live, 1978 Pro Musica Nova Festival","Pulse Music","John Mcguire;Klaus Bernbacher",2022-04-29,1228000,1,false,1225721008,2022-05-02T21:07:06Z,"minimalism,avant-garde","Unseen Worlds",0.159,0.63,0,-9.475,1,0.0636,0.888,0.956,0.703,0.0705,93.06,3
spotify:track:76m6W5MNiQmspKUoReaIvN,"Black meditation","Black meditation","Shabaka",2022-05-05,238560,4,false,1225721008,2022-05-05T16:28:25Z,"ambient jazz,indie jazz","Impulse!",0.222,0.179,6,-17.784,0,0.0359,0.914,0.682,0.0823,0.262,88.056,3
spotify:track:2JN6NJ9Kj4xYoTrX0vJz88,"Blueblackred","Blueblackred","Sam Gendel",2022-05-05,59965,0,false,1225721008,2022-05-05T18:00:28Z,"ambient jazz,nu jazz,experimental jazz,indie jazz","Leaving Records",0.649,0.339,4,-12.166,1,0.516,0.956,0.00279,0.121,0.573,70.158,4
spotify:track:0coOMp12BksrsKhQ1H1CVS,"La Guerra Di Piero","Blueblackred","Sam Gendel",2022-05-05,113009,0,false,1225721008,2022-05-05T18:00:47Z,"ambient jazz,nu jazz,experimental jazz,indie jazz","Leaving Records",0.544,0.793,9,-11.053,0,0.443,0.474,0.0000852,0.453,0.588,85.411,4
spotify:track:4JghRpIPmN8nXqiXEmcu8x,"Gu Shi","Blueblackred","Sam Gendel",2022-05-05,124544,0,false,1225721008,2022-05-05T18:01:05Z,"ambient jazz,nu jazz,experimental jazz,indie jazz","Leaving Records",0.644,0.422,8,-13.724,1,0.28,0.872,0.916,0.111,0.627,86.986,4
spotify:track:0xmDL2jpHiMb1OzXJFQ3eM,"Tita Tita","Where's the One?","Congotronics International;Deerhoof;Juana Molina;Kasai Allstars;Konono N°1;Wildbirds & Peacedrums;Skeletons",2022-04-29,247598,1,false,1225721008,2022-05-05T19:26:14Z,"noise rock,afropop,art pop","Crammed Discs",0.554,0.764,4,-8.141,0,0.0287,0.709,0.00116,0.579,0.631,120.373,4
spotify:track:6JmZSAscHJZeyxyuSzJTLZ,"Super Duper Rescue Allstars","Where's the One?","Congotronics International;Deerhoof;Juana Molina;Kasai Allstars;Konono N°1;Wildbirds & Peacedrums;Skeletons",2022-04-29,139519,1,false,1225721008,2022-05-05T19:30:01Z,"noise rock,afropop,art pop","Crammed Discs",0.516,0.919,4,-7.747,0,0.0383,0.302,0.00164,0.163,0.873,96.838,4
spotify:track:1r0zxbwu4UdAI4GoJSwKDq,"Many Tongues In Our Band","Where's the One?","Congotronics International;Deerhoof;Juana Molina;Kasai Allstars;Konono N°1;Wildbirds & Peacedrums;Skeletons",2022-04-29,218209,0,false,1225721008,2022-05-05T19:42:29Z,"noise rock,afropop,art pop","Crammed Discs",0.364,0.744,5,-9.077,0,0.0608,0.748,0,0.242,0.817,103.673,4
spotify:track:5gxCK2whthJSzzh15FRNrm,"For Augustin","Where's the One?","Congotronics International;Deerhoof;Juana Molina;Kasai Allstars;Konono N°1;Wildbirds & Peacedrums;Skeletons",2022-04-29,100278,0,false,1225721008,2022-05-05T19:46:30Z,"noise rock,afropop,art pop","Crammed Discs",0.322,0.626,7,-9.306,1,0.0487,0.382,0.948,0.208,0.705,133.588,4
spotify:track:5ST9iCxB1AQeYbQNfQzX7I,"Mama’s Way/Above The Tree Line","Where's the One?","Congotronics International;Deerhoof;Juana Molina;Kasai Allstars;Konono N°1;Wildbirds & Peacedrums;Skeletons",2022-04-29,157697,0,false,1225721008,2022-05-05T19:50:07Z,"noise rock,afropop,art pop","Crammed Discs",0.321,0.607,9,-10.835,1,0.0642,0.933,0.829,0.14,0.354,157.277,5
spotify:track:0OFrOEXvIfLffImXg1RawE,"Tshitua Fuila Mbuloba","Where's the One?","Congotronics International;Deerhoof;Juana Molina;Kasai Allstars;Konono N°1;Wildbirds & Peacedrums;Skeletons",2022-04-29,293517,0,false,1225721008,2022-05-05T20:00:44Z,"noise rock,afropop,art pop","Crammed Discs",0.474,0.824,7,-7.126,1,0.138,0.518,0,0.101,0.868,171.068,4
spotify:track:6zMKPzkeOcKaocHoHUCH4f,"Mulume/Change","Where's the One?","Congotronics International;Deerhoof;Juana Molina;Kasai Allstars;Konono N°1;Wildbirds & Peacedrums;Skeletons",2022-04-29,417186,1,false,1225721008,2022-05-05T20:07:26Z,"noise rock,afropop,art pop","Crammed Discs",0.443,0.981,9,-5.301,1,0.311,0.0525,0,0.128,0.331,101.539,4
spotify:track:6IQAmmBGmNGJYbfkgeN7hp,"potable water system emoji","potable water system emoji","Young Man in a Hurry;Macie Stewart;Ben LaMar Gay;Tim Daisy;Emma Hospelhorn;Nick Harris;Teddy Rankin-Parker",2022-05-05,317893,0,false,1225721008,2022-05-12T23:47:51Z,"experimental,experimental jazz,free jazz,indie jazz,afro-cuban jazz,nu jazz,concerto,electroacoustic,avant-garde","Coach House Sounds",0.869,0.386,9,-13.657,1,0.145,0.00134,0.0768,0.0683,0.208,137.135,4
spotify:track:0peN0EbrkoVsFxPxKaivFD,"CLOUDS IN ME","LIVE A LITTLE","Sam Gendel;Antonia Cytrynowicz",2022-05-13,151200,5,false,1225721008,2022-05-13T05:12:07Z,"ambient jazz,nu jazz,experimental jazz,indie jazz","Psychic Hotline",0.671,0.161,5,-14.08,0,0.0301,0.981,0.0108,0.11,0.279,101.587,4
spotify:track:5mnYLrbdR5fe8IAEqrcCKN,"Excuse My Back","Deathfame","Quelle Chris;Cavalier",2022-05-13,185114,0,true,1225721008,2022-05-13T18:46:10Z,"experimental hip hop,alternative hip hop","Mello Music Group",0.219,0.993,11,-3.513,0,0.614,0.254,0.403,0.0616,0.374,176.351,4
spotify:track:71Uzf0wdeYNnqlSHuUDD3D,"In The Garden","Sparks","Eri Yamamoto;Chad Fowler;William Parker;Steve Hirsh",2022-04-29,944010,0,false,1225721008,2022-05-13T19:34:46Z,"free jazz,avant-garde,experimental jazz,indie jazz,jazz","Mahakala Music",0.313,0.469,5,-9.117,0,0.0488,0.214,0.00994,0.0721,0.36,82.948,4
spotify:track:3Grsh3t0WA22tDgrjzVYAK,"Alive Ain't Always Living","Deathfame","Quelle Chris",2022-05-13,241546,0,true,1225721008,2022-05-13T22:09:51Z,"experimental hip hop,alternative hip hop","Mello Music Group",0.612,0.779,0,-4.091,1,0.186,0.755,0.000287,0.694,0.815,122.243,4
spotify:track:6NPdfJ5sBVNIzqghzCV9xU,"Cui Prodest","Deathfame","Quelle Chris;Denmark Vessey;J Jig Cicero",2022-05-13,273754,0,true,1225721008,2022-05-13T22:52:13Z,"experimental hip hop,alternative hip hop,jazz rap","Mello Music Group",0.463,0.634,6,-7.258,1,0.395,0.161,0,0.11,0.319,177.048,4
spotify:track:0sojNQdefvaRMw7Rd3vHU6,"TREASURE THAT I TREASURE","LIVE A LITTLE","Sam Gendel;Antonia Cytrynowicz",2022-05-13,218838,3,false,1225721008,2022-05-15T00:56:23Z,"ambient jazz,nu jazz,experimental jazz,indie jazz","Psychic Hotline",0.41,0.224,1,-13.326,1,0.0363,0.928,0.00297,0.0992,0.196,84.615,4
spotify:track:4ijJ7aYRs7yGajo9n653gx,"Gloom","053","TSVI;Loraine James",2022-05-13,254226,4,false,1225721008,2022-05-16T19:36:21Z,"uk funky,ballroom vogue,singeli,idm,experimental","AD 93",0.642,0.676,7,-8.501,1,0.0648,0.128,0.801,0.0526,0.58,134.999,4
spotify:track:3xnMXv5MZO9Npek3y7DN8M,"Awaiting","053","TSVI;Loraine James",2022-05-13,224133,2,false,1225721008,2022-05-16T19:36:32Z,"uk funky,ballroom vogue,singeli,idm,experimental","AD 93",0.28,0.771,9,-9.825,0,0.275,0.666,0.552,0.157,0.0564,124.152,1
spotify:track:7e7g3iAm9dzSDMvk4zEFvt,"Cherokee - Dennis Bovell Remix","Cherokee (Dennis Bovell Remix)","Animal Collective;Dennis Bovell",2022-05-17,466349,5,false,1225721008,2022-05-17T15:11:33Z,"neo-psychedelic,indie rock,dub,roots reggae,lovers rock,rocksteady,reggae","Domino Recording Co",0.629,0.528,5,-12.515,1,0.0317,0.1,0.575,0.0937,0.256,93.998,4
spotify:track:4cjoJBu31c49VMVxRAAesm,"The Grotto","See-Through","Patricia Wolf",2022-05-13,174000,36,false,1225721008,2022-05-20T14:58:18Z,"ambient","Balmat",0.238,0.309,7,-13.941,1,0.0296,0.966,0.862,0.117,0.0351,95.418,3
spotify:track:3t4zmYSVxXek2gY5Vhiesv,"false reign","Saturn In The Basement","model home;NAPPYNAPPA",2022-05-20,179386,0,false,1225721008,2022-05-24T22:44:46Z,"experimental hip hop,experimental,experimental jazz,avant-garde","Disciples",0.784,0.737,4,-6.944,0,0.21,0.0305,0.217,0.113,0.508,111.053,4
spotify:track:2rtXjCs4zDeMrvVoe2qnAd,"yard 1","Saturn In The Basement","model home;NAPPYNAPPA",2022-05-20,774240,0,false,1225721008,2022-05-24T22:56:43Z,"experimental hip hop,experimental,experimental jazz,avant-garde","Disciples",0.495,0.843,7,-9.14,1,0.294,0.407,0.00262,0.282,0.721,170.003,4
spotify:track:5zbVD0GHIFGOdDssiy7mnT,"b.e. son","Niineta","Joe Rainey",2022-05-20,210755,5,false,1225721008,2022-05-26T22:46:50Z,"native american music,experimental","37d03d",0.274,0.602,8,-10.476,1,0.0453,0.00467,0.724,0.0722,0.143,67.069,4
spotify:track:3uCbe1D3YlE5iah92yiLH3,"can key","Niineta","Joe Rainey",2022-05-20,265639,3,false,1225721008,2022-05-26T23:06:30Z,"native american music,experimental","37d03d",0.194,0.914,2,-2.923,0,0.269,0.0805,0.000376,0.765,0.0849,64.791,3
spotify:track:4IqwAbKhCO7oUw6QQj6swq,"phil's offering","Niineta","Joe Rainey",2022-05-20,660035,3,false,1225721008,2022-05-26T23:23:11Z,"native american music,experimental","37d03d",0.227,0.604,10,-6.828,0,0.0606,0.637,0.254,0.134,0.032,197.292,3
spotify:track:3sZq6i2WAdQFiZRXuvjtjy,"Explore inner space","Afrikan Culture","Shabaka",2022-05-20,384426,25,false,1225721008,2022-05-27T03:46:43Z,"ambient jazz,indie jazz","Impulse!",0.262,0.159,9,-17.222,0,0.0371,0.975,0.85,0.125,0.397,68.336,4
spotify:track:6LISXYlxADSDRD79humWYP,"A Better Ghost","A Better Ghost","Jeremy Cunningham;Dustin Laurenzi;Paul Bryan",2022-05-23,276346,0,false,1225721008,2022-05-27T16:12:42Z,"experimental jazz,free jazz,indie jazz,ambient jazz","Northern Spy",0.456,0.556,5,-9.956,1,0.0245,0.0516,0.874,0.0813,0.321,84.967,4
spotify:track:3ySsmBNfH1m9FjMJXSdJql,"Golden Green feat Wiki","Golden Green","Emma-Jean Thackray;Wiki",2022-05-25,243334,0,true,1225721008,2022-05-27T16:46:50Z,"nu jazz,acid jazz,indie jazz,experimental hip hop,alternative hip hop","Movementt",0.643,0.635,2,-8.602,1,0.0818,0.335,0.00178,0.0953,0.637,132.741,4
spotify:track:4PuWMfnRri76zj3Vqt03GS,"The Morning","For the Birds: The Birdsong Project, Vol. I","Danielle Haim",2022-05-20,52920,0,false,1225721008,2022-05-27T17:07:23Z,"","Search Party / Downtown Records",0.737,0.141,4,-23.531,1,0.956,0.203,0,0.189,0.418,100.071,4
spotify:track:3QSka2jZeiZPzgk0VGKLWl,"May 18th 1929 Lost","For the Birds: The Birdsong Project, Vol. I","Alex Somers",2022-05-20,455920,0,false,1225721008,2022-05-27T17:26:39Z,"post-rock,ambient","Search Party / Downtown Records",0.123,0.533,1,-14.287,0,0.0514,0.000738,0.13,0.345,0.291,95.86,3
spotify:track:2w12QnKw0mWjxxwRuyGef2,"St. Francis and the Birds","For the Birds: The Birdsong Project, Vol. I","Terry Riley",2022-05-20,289346,0,false,1225721008,2022-05-27T18:00:43Z,"minimalism,avant-garde,contemporary classical,musique concrète,experimental,ambient,drone,krautrock,electroacoustic","Search Party / Downtown Records",0.26,0.403,7,-13.253,0,0.0355,0.51,0.349,0.123,0.0792,82.4,4
spotify:track:23bg4rxc5zyi1fE6VKUA3j,"Birds Return","For the Birds: The Birdsong Project, Vol. I","Hatis Noit",2022-05-20,370053,0,false,1225721008,2022-05-27T18:14:36Z,"experimental","Search Party / Downtown Records",0.153,0.239,7,-14.815,1,0.0336,0.716,0.00168,0.0864,0.0384,85.588,3
spotify:track:7cON1ZcwqlEfoRDLHeI6Aa,"Wounded Bird","For the Birds: The Birdsong Project, Vol. I","Kurt Vile",2022-05-20,323266,0,false,1225721008,2022-05-27T18:28:07Z,"","Search Party / Downtown Records",0.619,0.393,0,-13.158,1,0.0462,0.663,0.0281,0.0471,0.723,161.006,4
spotify:track:2LFdx4PHxFJ5nPSnpesMC3,"What You Do to Me","What You Do to Me","J. Sands",2022-03-25,331750,0,true,1225721008,2022-06-01T00:59:11Z,"jazz rap,underground hip hop","B.U.K.A. Entertainment",0.534,0.699,11,-7.765,0,0.073,0.448,0.0237,0.159,0.354,92.648,4
spotify:track:5wy1tBTSoo1zWLiwWkGmIm,"Nurser","'97-'99","Laddio Bolocko",2022-05-20,658213,15,false,1225721008,2022-06-02T21:46:27Z,"noise rock,experimental jazz,free jazz,post-rock,krautrock","Castle Face",0.226,0.918,8,-4.571,0,0.19,0.0176,0.879,0.602,0.0492,92.123,3
spotify:track:0x7NM9asXr0Mr6K2I7NuEQ,"Y Toros Pt. 2","'97-'99","Laddio Bolocko",2022-05-20,866426,5,false,1225721008,2022-06-02T22:37:03Z,"noise rock,experimental jazz,free jazz,post-rock,krautrock","Castle Face",0.111,0.81,3,-5.688,1,0.155,0.518,0.17,0.891,0.0497,83.307,4
spotify:track:6FHF7wDhkhC2bEwXH3aGZ8,"In Search of Bolocko","'97-'99","Laddio Bolocko",2022-05-20,435826,3,false,1225721008,2022-06-02T23:32:50Z,"noise rock,experimental jazz,free jazz,post-rock,krautrock","Castle Face",0.158,0.386,6,-12.249,0,0.0321,0.841,0.881,0.438,0.0361,80.156,4
spotify:track:41ZY7HMcFs90BO6duUfbKm,"September 5","Welfare / Practice","Lucy Liyou",2022-05-20,383031,0,false,1225721008,2022-06-03T18:34:52Z,"electroacoustic,ambient,experimental","American Dreams Records",0.192,0.0912,6,-35.202,1,0.107,0.818,0.0000478,0.0702,0.0367,85.169,4
spotify:track:6GB4ChTslxHKWk2chCJqaS,"Sig Sauer","Killing Nothing","Boldy James;Real Bad Man",2022-05-20,215328,0,true,1225721008,2022-06-05T23:01:13Z,"jazz rap,boom bap,alternative hip hop,experimental hip hop","Real Bad Man Records",0.729,0.628,10,-7.9,0,0.0828,0.438,0.00971,0.103,0.611,76.054,4
spotify:track:6DoFnNTzePpt3QK3zLtjVr,"Killing Nothing","Killing Nothing","Boldy James;Real Bad Man",2022-05-20,234695,0,true,1225721008,2022-06-05T23:20:49Z,"jazz rap,boom bap,alternative hip hop,experimental hip hop","Real Bad Man Records",0.444,0.721,7,-7.931,1,0.138,0.0468,0,0.388,0.757,82.278,4
spotify:track:7q5t9RYiFIXZhSfaOdczhZ,"Anthology","Nothing To Declare","700 Bliss;DJ Haram;Moor Mother",2022-05-27,205653,0,false,1225721008,2022-06-08T00:55:53Z,"experimental,experimental hip hop,indie dance,spoken word","Hyperdub",0.738,0.736,6,-12.533,0,0.0835,0.00936,0.733,0.495,0.495,140.041,4
spotify:track:2aLW0qAsBaQkS8xV2eSlO8,"Lead Level 15","Nothing To Declare","700 Bliss;DJ Haram;Moor Mother;Ase Manual",2022-05-27,99480,0,false,1225721008,2022-06-08T01:23:21Z,"experimental,experimental hip hop,indie dance,spoken word,ballroom vogue,jersey club,baltimore club,footwork","Hyperdub",0.377,0.449,6,-13.321,0,0.372,0.534,0,0.507,0.354,160.534,4
spotify:track:3w9zKVixdKxoReJXGbSebT,"free fallen","A Saturn Companion","model home;NAPPYNAPPA;Michael R Bernstein",2022-06-03,287960,0,false,1225721008,2022-06-08T01:32:38Z,"experimental hip hop,experimental,experimental jazz,avant-garde","Disciples",0.428,0.582,10,-12.734,0,0.0977,0.00834,0.548,0.151,0.193,142.966,4
spotify:track:2Bd5CRTwL22rirVZYpvUij,"survival","A Saturn Companion","model home;NAPPYNAPPA;R Stokes",2022-06-03,163480,0,false,1225721008,2022-06-08T01:51:07Z,"experimental hip hop,experimental,experimental jazz,avant-garde","Disciples",0.624,0.131,1,-9.014,1,0.402,0.487,0.0271,0.107,0.443,177.288,4
spotify:track:3i26BLEocz23AHVGxEfDrq,"Prep Cook In The Weeds","Prep Cook In The Weeds","Fresh Pepper;Joseph Shabason;Andre Ethier",2022-06-07,291453,0,false,1225721008,2022-06-10T04:22:33Z,"ambient jazz,vocal jazz,ambient","Telephone Explosion Records",0.6,0.442,1,-9.756,1,0.0281,0.807,0.54,0.0831,0.173,91.477,4
spotify:track:6SPzeDbiKKrnONoNnmwBFJ,"Spellling","I Told Bessie","E L U C I D",2022-06-10,235622,3,true,1225721008,2022-06-10T22:35:42Z,"experimental hip hop,alternative hip hop","Backwoodz Studioz",0.488,0.612,11,-9.975,1,0.421,0.0851,0,0.941,0.347,103.747,3
spotify:track:1ritGmQUbl82Vtx8luilUZ,"Impasse","I Told Bessie","E L U C I D",2022-06-10,195211,0,true,1225721008,2022-06-10T23:13:09Z,"experimental hip hop,alternative hip hop","Backwoodz Studioz",0.444,0.867,8,-9.9,1,0.463,0.231,0.137,0.156,0.31,108.51,3
spotify:track:1cz1jiZlsUlKbHAkJZ2Pec,"Buffalo Stance","Buffalo Stance","Robyn;Neneh Cherry;Mapei",2022-03-03,307546,33,true,1225721008,2022-06-14T18:48:07Z,"swedish pop","EMI",0.725,0.58,5,-8.749,0,0.124,0.232,0.00000121,0.141,0.351,91.778,4
spotify:track:2zM4uzJR13Xtuj4tgvLKES,"Uncle Mark","MOOR CHORES","Lord Kayso",2022-02-01,163624,0,true,1225721008,2022-06-16T17:04:20Z,"","PTP",0.581,0.659,1,-11.513,1,0.909,0.587,0.00000656,0.154,0.541,103.847,3
spotify:track:1gO0UMlUSGUW7gTwfR9cy6,"Aggro Crag","Aggro Crag","The Koreatown Oddity",2022-06-02,124827,11,false,1225721008,2022-06-16T17:05:00Z,"experimental hip hop","Stones Throw Records",0.457,0.543,9,-11.857,1,0.172,0.822,0.000102,0.253,0.858,139.568,3
spotify:track:5keSRDL8B9zL9eszKQEDJU,"RAP JASM","RAP JASM","Moor Mother;AKAI SOLO;justmadnice",2022-06-15,195000,0,true,1225721008,2022-06-16T17:22:25Z,"experimental hip hop,experimental,spoken word,alternative hip hop","Anti/Epitaph",0.605,0.688,8,-7.666,1,0.359,0.379,0,0.102,0.396,77.354,4
spotify:track:1w7qaaHhydeZWnWDBGo4gF,"Thandi Piano EDIT (from 080619, with additions)","Thandi Piano EDIT (from 080619, with additions)","Carlos Niño & Friends;Carlos Niño;Thandi Ntuli",2022-06-16,254293,0,false,1225721008,2022-06-17T12:39:09Z,"ambient jazz,experimental jazz,ambient,afro soul","International Anthem Recording Co.",0.371,0.129,6,-17.01,1,0.0343,0.988,0.923,0.066,0.149,98.912,4
spotify:track:6DhgEcC3HieIHrYOlcGSzD,"Earthlings","Pink Dolphins","Anteloper",2022-06-22,495834,0,false,1225721008,2022-06-17T17:04:57Z,"experimental jazz,free jazz,electroacoustic,nu jazz","rings",0.327,0.606,2,-8.769,0,0.102,0.731,0.685,0.153,0.224,83.794,5
spotify:track:417ngF4WoGQsMlK7l5uSD2,"Baby Bota Halloceanation","Pink Dolphins","Anteloper",2022-06-22,217167,0,false,1225721008,2022-06-17T17:12:48Z,"experimental jazz,free jazz,electroacoustic,nu jazz","rings",0.44,0.752,10,-12.038,0,0.0402,0.00608,0.683,0.197,0.277,105.759,3
spotify:track:0hrkPtW0VImWtKY3Xj2JSG,"Betamax","I Told Bessie","E L U C I D",2022-06-10,181128,1,true,1225721008,2022-06-19T21:31:39Z,"experimental hip hop,alternative hip hop","Backwoodz Studioz",0.326,0.705,0,-9.539,1,0.405,0.118,0.00078,0.351,0.376,167.424,4
spotify:track:0pQ90LVUEGwdyWfIH0WxqS,"Sunset","Sunset","Medicine Singers;Jaimie Branch",2022-05-10,378348,1,false,1225721008,2022-06-23T16:53:58Z,"native american music,traditional music,experimental jazz,free jazz,jazz,indie jazz","Joyful Noise Recordings",0.304,0.678,4,-9.602,0,0.0855,0.619,0.519,0.177,0.124,123.245,4
spotify:track:3MXcm06AFDryFxJR7w21OP,"Inori","Aura","Hatis Noit",2022-06-24,517362,15,false,1225721008,2022-06-24T12:57:28Z,"experimental","Erased Tapes",0.223,0.316,11,-18.413,0,0.0681,0.87,0.0877,0.114,0.052,121.786,4
spotify:track:2f8ZCElYvxuIkr5dBdsfmV,"bebe's peace","raja's sun","iblss;Quelle Chris",2022-03-11,196724,11,true,1225721008,2022-06-28T02:33:32Z,"experimental hip hop,alternative hip hop","Break All Records",0.681,0.711,0,-8.898,0,0.211,0.373,0.000012,0.112,0.854,69.497,4
spotify:track:269R5QZZeJqvKAg5yDOhoT,"Messing with the Settings","A Legacy of Rentals","Craig Finn",2022-05-20,342280,19,false,1225721008,2022-06-30T23:23:49Z,"","Positive Jams",0.518,0.552,9,-10.026,1,0.0573,0.576,0.0000477,0.107,0.377,130.998,4
spotify:track:3ydzpl7CwQmrfVbMnIkzNS,"EVENING","Jazz Codes","Moor Mother;Wolf Weston",2022-07-01,133714,6,false,1225721008,2022-07-02T18:10:08Z,"experimental hip hop,experimental,spoken word","Anti/Epitaph",0.469,0.711,0,-6.739,0,0.213,0.137,0.00000221,0.11,0.502,138.43,4
spotify:track:6FdUgQ0FSRsLCHoZZHmLn0,"Pulso Invisible","Self Oscillation","Nicola Cruz",2022-07-01,220266,2,false,1225721008,2022-07-05T17:47:19Z,"electrocumbia,downtempo","Rhythm Section International",0.755,0.757,11,-8.318,0,0.0777,0.0831,0.871,0.268,0.428,143.969,4
spotify:track:0p9CkOyHCPI6PkEUkg6uPy,"衛生","我想要一條純正的尾巴","Police and Pea",2022-06-30,167715,1,false,1225721008,2022-07-05T18:49:24Z,"chinese indie","兵馬司唱片/Indie Works",0.404,0.578,2,-5.709,1,0.029,0.121,0.00222,0.13,0.5,71.999,4
spotify:track:2ffoc5Am1YwBsNgAs8hAFO,"Step By Step","Step By Step EP","Braxe + Falcon;Alan Braxe;DJ Falcon;Panda Bear",2022-06-24,242081,17,false,1225721008,2022-07-06T13:35:31Z,"french house,disco house,neo-psychedelic","Smugglers Way",0.469,0.721,1,-7.058,1,0.0328,0.121,0.000249,0.0853,0.463,145.835,4
spotify:track:6cgCdGUvbsgCjdGUsfoQJQ,"Creative Source","Step By Step EP","Braxe + Falcon;Alan Braxe;DJ Falcon",2022-06-24,216699,7,false,1225721008,2022-07-06T13:50:04Z,"french house,disco house","Smugglers Way",0.8,0.859,1,-4.362,1,0.0747,0.409,0.722,0.153,0.517,103.044,4
spotify:track:0fAuuR5hoWZtTMpuqqxAGy,"home","home","Two Shell",2022-01-20,245472,37,false,1225721008,2022-07-06T14:07:26Z,"","Mainframe Audio",0.731,0.94,2,-6.634,0,0.0501,0.472,0.674,0.0987,0.672,162.017,4
spotify:track:3YSyFPN4BpcKwE4Oy12vlD,"Wuthering Heights","Ghost Song","Cécile McLorin Salvant",2022-03-04,163997,38,false,1225721008,2022-07-09T13:20:28Z,"vocal jazz,french jazz,jazz,jazz pop","Nonesuch",0.317,0.117,10,-13.957,1,0.0421,0.962,0,0.108,0.154,85.615,4
spotify:track:7sxudv1V9XYJW17rBSXaTa,"Antares","Void Patrol","Void Patrol;Colin Stetson;Elliott Sharp;Billy Martin;Payton MacDonald",2022-06-17,644746,0,false,1225721008,2022-07-10T00:22:31Z,"free jazz,minimalism,avant-garde,electroacoustic,musique concrète,experimental,contemporary classical,experimental jazz","Infrequent Seams",0.536,0.479,10,-13.682,0,0.0325,0.229,0.895,0.114,0.404,152.049,4
spotify:track:0jW65FOMi1lWYVXwlkgs8E,"Open Praise","Peace ""Fly"" God","Westside Gunn",2022-07-08,135157,28,true,1225721008,2022-07-10T19:53:06Z,"boom bap,alternative hip hop,jazz rap,experimental hip hop","Griselda Records",0.387,0.735,11,-6.94,0,0.0627,0.0518,0,0.483,0.486,128.881,4
spotify:track:24OisxVU6lSZdhJla4x34U,"Danhausen","Peace ""Fly"" God","Westside Gunn",2022-07-08,174602,37,true,1225721008,2022-07-10T19:54:56Z,"boom bap,alternative hip hop,jazz rap,experimental hip hop","Griselda Records",0.396,0.897,9,-6.817,1,0.484,0.181,0.000904,0.939,0.791,75.748,4
spotify:track:5ZmLOLI2rl0nCifnsBlO92,"Take Me Home","Take Me Home","RayonBase",2022-06-30,195000,0,false,1225721008,2022-07-11T20:47:52Z,"","RayonBase",0.721,0.449,0,-13.573,1,0.0263,0.592,0.00311,0.18,0.763,95.984,4
spotify:track:0RIuq1etP5VKeAGLfvqkXf,"Peanut Butter Jam","Synthetic Aperture","RayonBase",2021-11-02,222333,0,false,1225721008,2022-07-11T20:50:31Z,"","RayonBase",0.671,0.24,0,-16.2,0,0.0433,0.288,0.23,0.0792,0.497,89.976,4
spotify:track:6NcNYAGYN4pbaJX77WX30g,"BLUES AWAY","Jazz Codes","Moor Mother;Fatboi Sharif",2022-07-01,168947,7,false,1225721008,2022-07-15T22:37:50Z,"experimental hip hop,experimental,spoken word","Anti/Epitaph",0.508,0.492,1,-8.608,1,0.145,0.542,0.00000162,0.123,0.29,152.133,4
spotify:track:5IUAaDi1qyk6SYqSfiyZAD,"THOMAS STANLEY JAZZCODES OUTRO","Jazz Codes","Moor Mother;Irreversible Entanglements;Thomas Stanley",2022-07-01,107294,5,false,1225721008,2022-07-15T22:38:48Z,"experimental hip hop,experimental,spoken word,free jazz,experimental jazz","Anti/Epitaph",0.507,0.697,7,-10.022,1,0.4,0.711,0,0.189,0.389,80.34,4
spotify:track:00sSu4Femn1MsRKFhIN1RS,"Boaring a Hole in My Chest for Someone I Have Not Yet Met","Boaring a Hole in My Chest for Someone I Have Not Yet Met","Landon George;MJ Lenderman;Will Younts",2022-07-05,572136,0,false,1225721008,2022-07-17T17:32:21Z,"experimental,alt country","SORSE",0.557,0.61,2,-11.995,1,0.0422,0.484,0.123,0.12,0.0679,75.837,4
spotify:track:57O1esIoltiA4VTVW4AyJz,"Wara","Music from Saharan WhatsApp","Oumou Diabaté",2022-06-10,298101,7,false,1225721008,2022-07-19T00:04:08Z,"","Sahel Sounds",0.683,0.604,5,-9.08,1,0.0954,0.835,0.107,0.33,0.869,135.375,3
spotify:track:1JlaZSCaSQLkiBtOwDnx4I,"Sheesh (feat. Aesop Rock)","Sheesh (feat. Aesop Rock)","Homeboy Sandman;Aesop Rock",2022-07-19,226000,0,true,1225721008,2022-07-20T01:06:30Z,"east coast hip hop,underground hip hop,alternative hip hop,experimental hip hop","Mello Music Group",0.374,0.807,9,-4.72,1,0.0709,0.0208,0.00000217,0.0847,0.242,80.982,4
spotify:track:04R1OHayh3m9KW7Wrnb2ip,"Prime Numbers","American Rituals","Cheri Knight",2022-07-15,280499,6,false,1225721008,2022-07-21T13:38:28Z,"","Freedom To Spend",0.742,0.443,6,-12.943,1,0.055,0.692,0,0.104,0.892,106.298,4
spotify:track:6GRQi06cQ01P4Cnp9JE2Zc,"Don't Lie","""Hello, Hi""","Ty Segall",2022-07-22,250320,18,false,1225721008,2022-07-24T18:40:12Z,"garage rock,neo-psychedelic,psychedelic rock","Drag City",0.618,0.253,5,-15.62,1,0.0356,0.7,0.0519,0.103,0.359,126.083,4
spotify:track:5FF98vHSSdCTbHRaZD2A52,"I Am The Earth","The Horgenaith","Sarahsson",2022-07-15,244853,0,false,1225721008,2022-07-26T16:06:06Z,"","Illegal Data",0.147,0.426,0,-7.339,1,0.0387,0.0291,0.403,0.0652,0.0378,66.176,3
spotify:track:3ffovDtuZ4Y7mRBup6g4Ud,"Lacing The Well","The Horgenaith","Sarahsson",2022-07-15,53133,0,false,1225721008,2022-07-26T17:19:04Z,"","Illegal Data",0.356,0.461,1,-13.897,1,0.077,0.53,0.981,0.101,0.181,133.638,5
spotify:track:0m6UCEAmsquv1m5K4jND2H,"Young and Free","Young and Free","RayonBase",2022-07-28,192000,0,false,1225721008,2022-07-28T20:13:19Z,"","RayonBase",0.667,0.293,9,-16.525,1,0.0384,0.542,0.0275,0.0954,0.463,100.018,3
spotify:track:5nZlfyVABA9SbBRl9PyWw6,"Actually","EXTRA PRESENCE","Carlos Niño & Friends;Carlos Niño;Deantoni Parks;Jamael Dean;Nate Mercereau",2022-07-22,355173,0,false,1225721008,2022-07-29T00:21:41Z,"ambient jazz,experimental jazz,ambient,idm,jazz pop,nu jazz,japanese classical","International Anthem Recording Co.",0.515,0.412,5,-12.252,0,0.0372,0.586,0.479,0.187,0.285,169.974,4
spotify:track:0Aq9eM7Wncc7F4OTz7T5sh,"Comfort Station","A Better Ghost","Jeremy Cunningham;Dustin Laurenzi;Paul Bryan",2022-07-29,227920,0,false,1225721008,2022-07-29T14:55:12Z,"experimental jazz,free jazz,indie jazz,ambient jazz","Northern Spy",0.326,0.537,1,-11.771,1,0.0505,0.237,0.0634,0.106,0.297,159.851,3
spotify:track:2NJbCFDTQH0rC9ky90UIN4,"grimace_smoking_weed.jpeg","God's Country","Chat Pile",2022-07-29,545574,32,false,1225721008,2022-07-29T17:51:11Z,"noise rock,sludge metal,drone metal,mathcore","The Flenser",0.188,0.745,11,-6.616,0,0.0699,0.000221,0.144,0.312,0.0833,111.765,4
spotify:track:6POhbpfNEr01a6HarHY9C1,"ISTHISFORREAL?","ISTHISFORREAL?","The Koreatown Oddity",2022-07-22,115297,7,true,1225721008,2022-07-29T23:01:20Z,"experimental hip hop","Stones Throw Records",0.387,0.737,2,-7.053,1,0.44,0.153,0,0.149,0.608,201.338,4
spotify:track:1pRtM1cHkCBvGGgmIsBfj5,"Cross the Sea","Cross the Sea","Alex G",2022-07-26,216672,27,false,1225721008,2022-07-30T23:33:41Z,"","Domino Recording Co",0.497,0.641,2,-7.168,1,0.0366,0.218,0.00109,0.149,0.11,149.01,4
spotify:track:29r2jdYs7lylrlfPOPrUCx,"Exquisite Corpse 1","Exquisite Corpse 1","Tara Clerkin Trio",2022-08-03,573723,0,false,1225721008,2022-08-03T14:52:15Z,"experimental jazz","SA Recordings",0.274,0.45,7,-11.703,1,0.061,0.654,0.668,0.101,0.233,183.818,4
spotify:track:1GGtLBbdw8aJ3nnMABJnXt,"Jamaican Carnival - Live At KQED, 1975","Live At KQED, 1975","The Pyramids",2022-07-15,614280,0,false,1225721008,2022-08-03T22:57:26Z,"free jazz,experimental jazz","Strut",0.478,0.85,1,-10.883,1,0.0616,0.782,0.315,0.0911,0.618,133.846,4
spotify:track:0qZcBeIKskV61K1ekFJcar,"NOT TiGHT","NOT TiGHT","DOMi & JD BECK;Thundercat",2022-07-29,248894,39,false,1225721008,2022-08-04T18:36:14Z,"jazz fusion","Blue Note Records",0.55,0.741,6,-11.469,0,0.0594,0.811,0.923,0.106,0.691,173.36,4
spotify:track:3nGGyChG6hyFGpYTiKEILd,"Man Respect Man","THE FOUR KNIGHTS GAME 2","ANKHLEJOHN;Fly Anakin",2022-07-02,130050,4,true,1225721008,2022-08-15T18:35:59Z,"boom bap,underground hip hop,experimental hip hop","Shaap Records",0.701,0.592,10,-4.538,0,0.309,0.121,0,0.165,0.236,111.295,3
spotify:track:1hU96WpLYq5HAuxnRDxWXf,"Gold and Relics / Fathers Day","THE FOUR KNIGHTS GAME 2","ANKHLEJOHN",2022-07-02,215913,2,true,1225721008,2022-08-15T18:41:47Z,"boom bap,underground hip hop","Shaap Records",0.477,0.783,7,-5.052,0,0.483,0.902,0.00000296,0.173,0.475,77.862,4
spotify:track:6ce5rKZIpOwR6nCVNZHi7z,"Hardy Boyz","THE FOUR KNIGHTS GAME 2","ANKHLEJOHN",2022-07-02,108944,2,true,1225721008,2022-08-15T19:01:05Z,"boom bap,underground hip hop","Shaap Records",0.537,0.749,7,-10.81,1,0.285,0.424,0.00000106,0.808,0.742,95.362,5
spotify:track:01q8fSPaqOHmxFfmGSPxuf,"Sauce Body","Sauce Body","Sauce Walka",2022-07-19,145920,0,true,1225721008,2022-08-15T19:22:59Z,"","The Sauce Familia",0.712,0.447,1,-9.613,1,0.413,0.0368,0,0.151,0.295,79.747,4
spotify:track:54KhIcTrJhvQjQNLEGFwzR,"Colour Money","Colour Money","Raz Fresco;Boldy James",2022-07-08,141872,0,true,1225721008,2022-08-15T19:23:31Z,"underground hip hop,jazz rap,boom bap,alternative hip hop,experimental hip hop","BKRSCLB",0.457,0.644,10,-14.129,0,0.294,0.0585,0.00227,0.331,0.852,80.001,4
spotify:track:47Wf8GWdlwZHpFx2xGHNG5,"Duntsane","EA Monster","Young Nudy;BabyDrill",2022-08-08,191920,42,true,1225721008,2022-08-16T21:05:57Z,"","PDE Records/RCA Records",0.783,0.54,6,-7.16,1,0.328,0.0643,0,0.13,0.4,100.002,5
spotify:track:60tGcNyH1AoHjnc9oEAjFC,"Unbecoming","Eli Winter","Eli Winter",2022-08-19,505576,0,false,1225721008,2022-08-19T17:59:14Z,"","Three Lobed Recordings",0.142,0.391,1,-12.159,1,0.0377,0.174,0.929,0.0822,0.0791,157.169,3
spotify:track:0UlHdMA5ev29emtIxtO0QP,"Parliwu","Mux","Julian Sartorius",2022-04-28,194335,0,false,1225721008,2022-08-19T20:29:50Z,"experimental,electroacoustic,free jazz","Marionette",0.557,0.398,8,-17.865,1,0.104,0.669,0.914,0.076,0.827,139.251,4
spotify:track:4x8TBBqg2hOkhA99CyvDnZ,"Seas - Extended Instrumental","Seas (Extended Instrumental)","Lim Orion;Clementine Blue",2022-08-16,825366,0,false,1225721008,2022-08-20T15:29:33Z,"","Clementine Blue / Lim Orion",0.245,0.202,1,-14.168,0,0.0396,0.951,0.868,0.111,0.0372,118.423,3
spotify:track:1UdPW78Z9nkOXQHYSIUXPz,"Basic Flowers","Basic Flowers","Deradoorian;Dylan Fujioka;Patrick Shiroishi",2022-08-19,1482511,2,false,1225721008,2022-08-22T20:48:03Z,"neo-psychedelic,krautrock,free jazz,ambient jazz,electroacoustic,experimental jazz,avant-garde,experimental","Artist Pool",0.344,0.255,1,-18.966,1,0.0382,0.776,0.832,0.29,0.0548,135.277,4
spotify:track:362mrDWLfWer0zbOFWjW9x,"Cy8 Interlude","Ballerific","Papo2oo4;Subjxct 5",2022-06-07,150312,2,true,1225721008,2022-08-22T22:05:03Z,"cloud rap","755739 Records DK",0.801,0.652,10,-7.744,0,0.316,0.177,0,0.0777,0.359,104.08,4
spotify:track:0FRP1dAHjgNSmsts8jUhod,"The Harbingers","Precipice","dälek",2022-04-29,291936,2,false,1225721008,2022-08-22T23:20:52Z,"experimental hip hop,experimental,industrial rock,industrial","Ipecac Recordings",0.347,0.35,11,-9.379,1,0.0278,0.175,0.0918,0.0648,0.0333,85.163,4
spotify:track:3IukqJJDLDwYIMLwO0PGiu,"Devotion (When I Cry the Wind Disappears)","Precipice","dälek",2022-04-29,335826,2,false,1225721008,2022-08-22T23:29:54Z,"experimental hip hop,experimental,industrial rock,industrial","Ipecac Recordings",0.184,0.614,5,-9.423,1,0.0401,0.0212,0.855,0.125,0.104,129.138,5
spotify:track:1ylmq6RRYznuHY155L30wE,"Tell Me","Ballerific","Papo2oo4;Subjxct 5",2022-06-07,120750,1,true,1225721008,2022-08-23T18:57:17Z,"cloud rap","755739 Records DK",0.678,0.671,0,-9.262,1,0.213,0.488,0.00000271,0.349,0.759,81.749,4
spotify:track:6UQAuCPxNBIbVcKG2cgAsX,"Have You Felt Lately?","Have You Felt Lately?","Kaitlyn Aurelia Smith",2022-07-20,234160,0,false,1225721008,2022-08-23T20:06:19Z,"ambient,art pop,experimental","Ghostly International",0.478,0.531,0,-11.022,1,0.0766,0.566,0.0221,0.348,0.106,119.8,4
spotify:track:7A6cCZyDwNNmTCAcWIYg6G,"Is it Me or is it You?","Have You Felt Lately?","Kaitlyn Aurelia Smith",2022-07-20,387000,0,false,1225721008,2022-08-23T20:06:31Z,"ambient,art pop,experimental","Ghostly International",0.548,0.761,6,-8.921,1,0.0463,0.466,0.685,0.312,0.0491,120.025,4
spotify:track:5X2j5WnVoQ3uVNEhY1Kmjz,"Glavi Funçon","Glavi Funçon","Pedro Lima",2022-06-10,324807,2,false,1225721008,2022-08-23T20:28:45Z,"","Les Disques Bongo Joe",0.523,0.819,7,-7.683,1,0.231,0.0449,0.000368,0.238,0.725,137.882,4
spotify:track:6NRG419i2FiNTlmVYlx9vU,"In The Moon House","Earth Patterns","Szun Waves",2022-08-19,282773,0,false,1225721008,2022-08-26T14:11:39Z,"ambient jazz,nu jazz,experimental jazz,indie jazz","The Leaf Label",0.214,0.314,3,-12.37,1,0.0314,0.858,0.812,0.0997,0.0395,81.982,4
spotify:track:7uSRvYjH2UpOXv7ZwH36t9,"Be A Pattern For The World","Earth Patterns","Szun Waves",2022-08-19,543346,0,false,1225721008,2022-08-26T14:23:07Z,"ambient jazz,nu jazz,experimental jazz,indie jazz","The Leaf Label",0.0994,0.457,0,-10.247,0,0.0428,0.676,0.955,0.111,0.0523,88.87,4
spotify:track:5AdC84tQNeoaizBWrdPuzq,"Mescalito","Metal Lung","ShrapKnel;Curly Castro;PremRock",2022-08-19,224114,0,true,1225721008,2022-08-27T00:06:56Z,"experimental hip hop,alternative hip hop,underground hip hop","Backwoodz Studioz",0.41,0.589,7,-8.863,1,0.276,0.112,0,0.301,0.41,163.666,3
spotify:track:6bJDEH1wV0g08YAUPjOuiR,"Cold Burn","Metal Lung","ShrapKnel;Curly Castro;PremRock",2022-08-19,247293,0,true,1225721008,2022-08-27T00:21:57Z,"experimental hip hop,alternative hip hop,underground hip hop","Backwoodz Studioz",0.61,0.633,6,-8.643,1,0.166,0.348,0.00000806,0.154,0.207,73.198,4
spotify:track:202R3rDB73WcFpFVvJjP8Q,"Lazy Dog","Metal Lung","ShrapKnel;Curly Castro;PremRock",2022-08-19,188893,0,true,1225721008,2022-08-27T00:29:52Z,"experimental hip hop,alternative hip hop,underground hip hop","Backwoodz Studioz",0.547,0.614,2,-9.148,1,0.328,0.0127,0,0.185,0.183,66.46,4
spotify:track:22jr7jOA6YfOm16OdAeHKX,"Ghost Kitchen","Metal Lung","ShrapKnel;Curly Castro;PremRock",2022-08-19,179650,0,true,1225721008,2022-08-27T00:36:52Z,"experimental hip hop,alternative hip hop,underground hip hop","Backwoodz Studioz",0.601,0.424,11,-9.666,1,0.29,0.18,0.00703,0.117,0.592,151.119,4
spotify:track:5eQuikw6kyxRvjOMIAZGZb,"Smokin' Kiki (Lonnie)","Dollar Menu 4","Mach-Hommy;Tha God Fahim;Your Old Droog",2022-08-26,129192,1,true,1225721008,2022-08-27T01:05:37Z,"boom bap,experimental hip hop,alternative hip hop,jazz rap,underground hip hop,east coast hip hop","Mach-Hommy",0.645,0.539,10,-7.734,0,0.381,0.551,0,0.804,0.178,85.044,4
spotify:track:6sHwtS9nHhkDvF2A6knENL,"Body Feeling (Intro)","Body Feeling","AKAI SOLO",2022-08-26,226500,0,true,1225721008,2022-08-27T05:17:03Z,"experimental hip hop,alternative hip hop","Backwoodz Studioz",0.423,0.545,1,-10.307,1,0.136,0.69,0,0.526,0.844,135.589,4
spotify:track:5GSepN2sQHi76H2rPseHOY,"Raid On Onigashima","Body Feeling","AKAI SOLO",2022-08-26,155500,0,true,1225721008,2022-08-27T05:25:13Z,"experimental hip hop,alternative hip hop","Backwoodz Studioz",0.668,0.692,7,-10.235,1,0.718,0.43,0,0.265,0.575,80.268,4
spotify:track:3CZonlgEeKdAfOmhi85lIL,"Confessions of the Heart","Beyond","I AM",2022-06-10,461706,0,false,1225721008,2022-08-27T17:12:12Z,"","Division 81 Records",0.369,0.673,11,-13.461,0,0.108,0.0155,0.187,0.401,0.479,93.795,4
spotify:track:3ujsJyNJl1zxvS4G9JhJtE,"Quantum Leap","The Elephant Man's Bones","Roc Marciano;The Alchemist",2022-08-26,148693,48,true,1225721008,2022-08-30T17:53:26Z,"boom bap,underground hip hop,east coast hip hop,alternative hip hop,jazz rap,experimental hip hop","ALC / Marci Enterprises / EMPIRE",0.511,0.432,9,-10.204,0,0.361,0.461,0.000924,0.258,0.363,172.45,4
spotify:track:0l2cfkm5quNvOiaHTmgUwu,"The Elephant Man's Bones","The Elephant Man's Bones","Roc Marciano;The Alchemist",2022-08-26,157360,46,true,1225721008,2022-08-30T22:37:23Z,"boom bap,underground hip hop,east coast hip hop,alternative hip hop,jazz rap,experimental hip hop","ALC / Marci Enterprises / EMPIRE",0.554,0.509,0,-10.305,0,0.235,0.678,0.000131,0.494,0.419,78.777,4
spotify:track:639s3EDKGHAMK9Wqb5EAmG,"Zip Guns (feat. Knowledge The Pirate)","The Elephant Man's Bones","Roc Marciano;The Alchemist;Knowledge the Pirate",2022-08-26,163066,33,true,1225721008,2022-08-30T23:09:28Z,"boom bap,underground hip hop,east coast hip hop,alternative hip hop,jazz rap,experimental hip hop","ALC / Marci Enterprises / EMPIRE",0.596,0.557,2,-9.818,1,0.423,0.106,0,0.133,0.455,80.4,4
spotify:track:1bNl4TK4ubOmVUbVdUgm8x,"Propeller Arc","Higgs Boson","Runhild Gammelsæter;Lasse Marhaug",2022-08-19,405999,0,false,1225721008,2022-08-31T18:32:11Z,"drone metal,dark ambient,drone,neofolk,experimental,musique concrète,electroacoustic,free jazz,avant-garde,noise music,experimental jazz,noise rock","Ideologic Organ",0.315,0.55,4,-17.14,0,0.254,0.0695,0.000101,0.57,0.112,130.55,3
spotify:track:3cbDaTN7aAvcgVOCGtow3j,"She/Her/Gone","A Queer Anthology of Drums","Valentina Magaletti",2022-05-27,257265,0,false,1225721008,2022-08-31T21:20:53Z,"electroacoustic,experimental,musique concrète","bié Records",0.345,0.99,0,-10.93,1,0.39,0.59,0.919,0.137,0.0352,117.771,4
spotify:track:75mrnzRw8BozvJWzeEedoM,"At a distance","Music for Four Guitars","Bill Orcutt",2022-09-02,171343,13,false,1225721008,2022-09-02T05:03:59Z,"free jazz,experimental jazz,electroacoustic,experimental,avant-garde","Palilalia",0.231,0.536,0,-6.704,1,0.0384,0.427,0.915,0.228,0.305,108.381,4
spotify:track:3vlElxvLYNjs2ZnvwIq1QB,"Out of the corner of the eye","Music for Four Guitars","Bill Orcutt",2022-09-02,121982,7,false,1225721008,2022-09-02T15:12:13Z,"free jazz,experimental jazz,electroacoustic,experimental,avant-garde","Palilalia",0.294,0.552,2,-6.61,1,0.0365,0.712,0.899,0.295,0.541,113.916,1
spotify:track:4445qD7mehpJ03K3j8SQDd,"Or from behind","Music for Four Guitars","Bill Orcutt",2022-09-02,119806,8,false,1225721008,2022-09-02T16:56:27Z,"free jazz,experimental jazz,electroacoustic,experimental,avant-garde","Palilalia",0.274,0.648,0,-7.09,1,0.0392,0.675,0.963,0.37,0.463,133.842,4
spotify:track:4fZFWSC7NBHKf74nuARGjj,"Hot Hand","LOUIE","Kenny Beats",2022-08-31,157333,28,false,1225721008,2022-09-07T13:52:30Z,"","XL Recordings",0.787,0.727,6,-5.884,0,0.0544,0.2,0.87,0.116,0.917,130.94,5
spotify:track:3EDA0GSOsHaFevzGp5tzz0,"Black Gold","Black Gold","Charles Stepney",2022-09-06,176546,0,false,1225721008,2022-09-08T02:47:45Z,"","International Anthem",0.445,0.37,8,-14.082,1,0.0455,0.807,0.895,0.11,0.711,184.581,3
spotify:track:526BavuOcjyq2ICr0bsIVS,"Alas, Departing","Two Sisters","Sarah Davachi",2022-09-09,425281,0,false,1225721008,2022-09-09T12:31:12Z,"drone,ambient,electroacoustic,dark ambient,minimalism,experimental","Late Music",0.128,0.0136,0,-28.468,0,0.0453,0.989,0.481,0.0924,0.039,72.659,3
spotify:track:4jUA8bO0BppkejDTUVidVR,"Spiderweb","When The Wind Forgets Your Name","Built To Spill",2022-09-09,323300,26,false,1225721008,2022-09-10T21:34:13Z,"indie rock,alternative rock","Sub Pop Records",0.235,0.817,2,-8.403,1,0.0469,0.00935,0.00425,0.112,0.652,138.708,4
spotify:track:05CLIClJU4xMsv8bPkiS1O,"Choose To Be Gay (Femenine)","Choose To Be Gay (Femenine)","Loraine James",2022-09-07,429850,0,false,1225721008,2022-09-12T13:50:21Z,"idm,experimental","Phantom Limb",0.11,0.276,3,-13.435,0,0.0329,0.63,0.82,0.114,0.111,84.859,4
spotify:track:6oTjXMTSuNsG20BIQNq54c,"Be Here","Be Here","Brooklynn Skye",2022-07-21,248335,1,true,1225721008,2022-09-12T19:50:02Z,"alternative r&b","BSkyeProductions",0.414,0.665,2,-8.856,1,0.473,0.158,0.00237,0.113,0.575,118.442,5
spotify:track:1uc1uCGQb0MLtophGL51fB,"Wish Upon a Star (feat. Curren$y)","Wish Upon a Star (feat. Curren$y)","Smoke DZA;Curren$y",2022-09-16,216293,13,true,1225721008,2022-09-16T13:59:14Z,"southern hip hop","RFC Music Group",0.298,0.611,6,-9.302,1,0.195,0.662,0,0.57,0.538,91.687,3
spotify:track:77HbJOKXhyWU4ChUaSmgKw,"Too Late - May 1965 Demo","Words & Music, May 1965","Lou Reed",2022-09-16,192160,11,false,1225721008,2022-09-17T16:07:08Z,"glam rock,proto-punk,art rock","Light in the Attic",0.509,0.341,10,-9.735,1,0.0362,0.965,0.464,0.667,0.359,91.071,4
spotify:track:4Jw39rtAdDwVfZJ4tBryNI,"Tokyo Blunts (feat. Armand Hammer & Conquest Tony Phillips)","Real Bad Flights","Pink Siifu;Real Bad Man;Armand Hammer;ConQuest Tony Phillips",2022-09-16,304729,0,true,1225721008,2022-09-17T18:34:08Z,"experimental hip hop,boom bap,alternative hip hop","Real Bad Man Records",0.583,0.83,8,-6.581,1,0.254,0.00226,0.00312,0.0736,0.371,144.119,4
spotify:track:0ErfkhyGYUJurVvY06U0xa,"Real Negro Life (feat. Piper GKFAM)","Real Bad Flights","Pink Siifu;Real Bad Man;Piper (GKFAM)",2022-09-16,217158,0,true,1225721008,2022-09-17T18:34:29Z,"experimental hip hop,boom bap","Real Bad Man Records",0.296,0.7,11,-10.111,1,0.0775,0.537,0.000589,0.66,0.685,167.635,4
spotify:track:348cKYhYZPgTen0diYP8Gc,"Ghetto Prophets","Ghetto Prophets","Cam'ron;A-Trak;Conway the Machine",2022-09-16,187933,7,true,1225721008,2022-09-17T18:49:29Z,"east coast hip hop,disco house,boom bap","Federal Reserve / EMPIRE",0.407,0.774,4,-4.71,0,0.181,0.0525,0.00000104,0.172,0.691,76.028,4
spotify:track:3JGGRU7LCpJv5WLUlmIZnZ,"My Life","My Life","Wiki;Subjxct 5",2022-09-20,375125,0,false,1225721008,2022-09-22T00:37:28Z,"experimental hip hop,alternative hip hop","Wikset Enterprise",0.518,0.852,8,-4.794,1,0.546,0.349,0,0.504,0.714,80.317,4
spotify:track:5TAtBrjTmFqSL5gxZF7miM,"The Fours","In These Times","Makaya McCraven",2022-09-23,206766,19,false,1225721008,2022-09-23T14:11:17Z,"nu jazz,experimental jazz,indie jazz,jazz,free jazz","International Anthem/Nonesuch",0.529,0.487,7,-13.855,0,0.142,0.86,0.832,0.109,0.364,80.18,4
spotify:track:1wHiZMPV9waV8Uru0eW26d,"After All","God Save The Animals","Alex G",2022-09-23,199843,40,false,1225721008,2022-09-23T16:36:58Z,"","Domino Recording Co",0.582,0.464,6,-6.959,0,0.0253,0.74,0.253,0.0921,0.227,129.947,4
spotify:track:5DRnssBoVo8e7uAQZkNT8O,"Runner","God Save The Animals","Alex G",2022-09-23,156772,51,false,1225721008,2022-09-23T19:23:47Z,"","Domino Recording Co",0.732,0.703,11,-7.224,1,0.0314,0.104,0.0417,0.109,0.836,108.979,4
spotify:track:7E8bhgC7aPjbi9p2zBBWpX,"S.D.O.S","God Save The Animals","Alex G",2022-09-23,170345,41,false,1225721008,2022-09-23T19:34:12Z,"","Domino Recording Co",0.623,0.692,5,-6.334,1,0.0253,0.347,0.858,0.133,0.391,92.063,4
spotify:track:0pedj4An5z2sQrJtf6vQdj,"Xale (Toubab Dialaw Kids Rhyme)","Xale (Toubab Dialaw Kids Rhyme)","Wau Wau Collectif",2022-09-19,220746,9,false,1225721008,2022-09-23T23:15:00Z,"experimental jazz","Sahel Sounds",0.555,0.796,4,-5.014,0,0.0588,0.179,0.00442,0.317,0.448,89.663,4
spotify:track:1jOgJN75btuUONIdf57vHz,"Munch (Feelin’ U)","Munch (Feelin’ U)","Ice Spice",2022-08-10,104819,58,true,1225721008,2022-09-24T00:56:01Z,"","Worldstar",0.811,0.528,11,-7.278,0,0.275,0.291,0,0.0787,0.635,166.084,4
spotify:track:2jyVwEqJdBscQLkCbhK55V,"L's - Eyedress Remix","L's (Eyedress Remix)","Pink Siifu;Fly Anakin;Eyedress;Fousheé",2022-09-26,136875,1,true,1225721008,2022-09-26T19:49:02Z,"experimental hip hop,indie r&b","Lex Records",0.374,0.702,0,-11.019,1,0.34,0.851,0,0.151,0.496,53.88,3
spotify:track:04WmF1vx9ePiXAiBnZR6v2,"Long Week","Long Week","Valee",2022-09-09,153652,0,true,1225721008,2022-09-26T20:01:23Z,"","VMG/FSD",0.854,0.286,1,-16.614,0,0.369,0.0195,0.00136,0.104,0.439,150.262,4
spotify:track:2K91jgIozJw6U4jY33OAQ9,"This Place That Place","In These Times","Makaya McCraven",2022-09-23,236921,17,false,1225721008,2022-09-28T03:59:06Z,"nu jazz,experimental jazz,indie jazz,jazz,free jazz","International Anthem/Nonesuch",0.356,0.675,8,-11.444,1,0.0437,0.69,0.894,0.354,0.654,149.551,4
spotify:track:55w1v51nb6XccvO7HJZQPE,"Life","Gold Mouf (Deluxe)","Lute",2022-04-25,193135,38,true,1225721008,2022-09-29T17:44:43Z,"","Dreamville/Interscope Records",0.64,0.662,6,-4.306,0,0.205,0.0829,0,0.601,0.598,84.689,4
spotify:track:4WP9z1R61WWtHF7Zb98OI6,"I Love You Earth (Thomas Bartlett Remix)","I Love You Earth (Thomas Bartlett Remix)","Yoko Ono;ANOHNI;Thomas Bartlett",2022-09-30,211560,0,false,1225721008,2022-09-30T17:34:06Z,"christmas,art pop,baroque pop","Search Party / Downtown Records",0.335,0.178,5,-10.147,1,0.0574,0.977,0.00002,0.187,0.0769,76.466,1
spotify:track:2BvUiuIW8VOZFIOJ5M9Zuz,"Diner Coffee","Diner Coffee","Mamaleek",2022-09-30,367366,11,false,1225721008,2022-09-30T20:36:42Z,"noise rock,avant-garde,black metal,drone metal,experimental","The Flenser",0.387,0.48,4,-9.292,0,0.0451,0.0275,0.875,0.109,0.116,127.786,4
spotify:track:0jjra6Yj6fRhhs86ciObX2,"Sorrowful Soil","Fossora","Björk",2022-09-30,195943,20,false,1225721008,2022-10-01T00:19:55Z,"art pop,trip hop","One Little Independent",0.346,0.216,5,-10.959,0,0.0421,0.735,0,0.0936,0.211,79.843,3
spotify:track:3ERNmiRQoxCTfZjaTmoB9W,"Ancestress","Fossora","Björk;Sindri Eldon",2022-09-30,437914,21,false,1225721008,2022-10-01T00:25:57Z,"art pop,trip hop","One Little Independent",0.318,0.381,2,-8.896,0,0.0388,0.643,0,0.105,0.175,114.196,4
spotify:track:2xfIfvqP9IldMXbiTiZTgJ,"Other Song","Caroline Shaw: Evergreen","Caroline Shaw;Attacca Quartet",2022-09-02,222389,15,false,1225721008,2022-10-03T19:11:57Z,"contemporary classical,chamber music,minimalism","Nonesuch",0.202,0.14,10,-16.618,1,0.0441,0.939,0.223,0.101,0.0677,119.942,5
spotify:track:4B0RqvRokXlrYu3gtDKHGf,"the abolition of art, the abolition of freedom, the abolition of you and me","Moten","Fred Moten;Brandon Lopez;Gerald Cleaver",2022-09-30,515030,4,false,1225721008,2022-10-04T00:29:34Z,"free jazz,spoken word,experimental jazz,avant-garde,jazz","Relative Pitch Record",0.597,0.229,4,-20.189,0,0.074,0.944,0.374,0.0995,0.253,116.058,4
spotify:track:65eRYzYiwhM1WWcR4Xh0GZ,"The Evergreen: III. Water","Caroline Shaw: Evergreen","Caroline Shaw;Attacca Quartet",2022-09-02,301920,7,false,1225721008,2022-10-04T17:01:15Z,"contemporary classical,chamber music,minimalism","Nonesuch",0.369,0.0626,9,-26.607,0,0.0886,0.823,0.73,0.0377,0.283,75.581,4
spotify:track:4Hm8mfPgAkie53zBJe300R,"Crenshaw and Homeland","Component System with the Auto Reverse","Open Mike Eagle",2022-10-07,216765,10,false,1225721008,2022-10-07T19:14:01Z,"experimental hip hop,alternative hip hop,underground hip hop","Auto Reverse",0.667,0.599,6,-7.739,0,0.384,0.0966,0,0.591,0.678,73.25,4
spotify:track:7CtteDsw7IqybISowXOwM4,"Peak Lockdown Raps","Component System with the Auto Reverse","Open Mike Eagle",2022-10-07,210314,8,false,1225721008,2022-10-07T19:27:54Z,"experimental hip hop,alternative hip hop,underground hip hop","Auto Reverse",0.512,0.488,6,-10.201,0,0.119,0.938,0.233,0.276,0.629,76.08,4
spotify:track:2sXVzFXgfLpvtywstu1Gou,"Kites","Component System with the Auto Reverse","Open Mike Eagle;Video Dave;STILL RIFT",2022-10-07,150012,12,false,1225721008,2022-10-07T19:35:57Z,"experimental hip hop,alternative hip hop,underground hip hop","Auto Reverse",0.522,0.555,0,-10.736,1,0.246,0.86,0.0734,0.309,0.753,135.804,5
spotify:track:4zX4XsBQzlAjHv3nXlyYX3,"Don't Tell Massachusettsz","Reverse Winchester: Route 2 Ulysses","Mike Ladd;Mathieu Sourisseau",2022-10-07,167296,0,false,1225721008,2022-10-07T21:16:49Z,"ethiopian jazz,experimental hip hop","Mr Morezon",0.513,0.0379,7,-19.781,1,0.0885,0.923,0.0000133,0.075,0.199,139.42,1
spotify:track:5CpW0evImitKQ23UgWHImy,"Gold Road Consequence","Reverse Winchester: Route 2 Ulysses","Mike Ladd;Mathieu Sourisseau",2022-10-07,273836,0,false,1225721008,2022-10-07T21:25:10Z,"ethiopian jazz,experimental hip hop","Mr Morezon",0.434,0.0482,9,-20.256,0,0.0438,0.875,0.000222,0.102,0.163,139.162,4
spotify:track:1W24nHwQBeV8WJr9olgLrt,"The Livid Sea","Reverse Winchester: Route 2 Ulysses","Mike Ladd;Mathieu Sourisseau",2022-10-07,286387,0,false,1225721008,2022-10-07T21:29:44Z,"ethiopian jazz,experimental hip hop","Mr Morezon",0.409,0.0942,10,-25.029,1,0.0543,0.881,0.00591,0.111,0.0399,173.014,4
spotify:track:3GbMYT1LIIxsDmRW8PF8ug,"Ferocious Black Love / For C","Reverse Winchester: Route 2 Ulysses","Mike Ladd;Mathieu Sourisseau",2022-10-07,245841,0,false,1225721008,2022-10-08T00:21:16Z,"ethiopian jazz,experimental hip hop","Mr Morezon",0.305,0.424,7,-12.824,1,0.0464,0.281,0.00196,0.111,0.332,106.357,4
spotify:track:6SPkbbJHsfhMqlP9kajnai,"The Perception of Me (Crazy Nigger)","Building Something Beautiful For Me","Loraine James",2022-10-07,514284,4,true,1225721008,2022-10-08T05:11:00Z,"idm,experimental","Phantom Limb",0.446,0.376,10,-9.699,1,0.0456,0.709,0.871,0.111,0.0329,104.991,1
spotify:track:4bpDySDmeiDYjq4BzLDDfY,"Choose To Be Gay (Femenine)","Building Something Beautiful For Me","Loraine James",2022-10-07,429850,5,false,1225721008,2022-10-08T05:11:30Z,"idm,experimental","Phantom Limb",0.122,0.276,3,-13.433,0,0.0323,0.626,0.838,0.114,0.104,88.97,4
spotify:track:7aC0yNxqwSyO5uNwfbPUya,"Paraquat","Church","billy woods",2022-09-30,185240,0,true,1225721008,2022-10-08T19:49:09Z,"experimental hip hop,alternative hip hop,east coast hip hop,experimental","Backwoodz Studioz",0.405,0.72,7,-9.813,0,0.794,0.546,0.0148,0.188,0.187,84.942,5
spotify:track:5h0JljqFenIXZc3Cj835ip,"संसार","As the Blood of God Bursts the Veins of Time","Liturgy",2022-10-05,164797,3,false,1225721008,2022-10-08T21:14:56Z,"black metal,avant-garde","Thrill Jockey",0.282,0.373,7,-7.962,1,0.0305,0.878,0.897,0.128,0.263,122.039,4
spotify:track:0IFOpfmpnZUnvVe0PcTYfg,"Dark blue","caroline","caroline",2022-02-25,396000,32,false,1225721008,2022-10-10T18:12:44Z,"slowcore,post-rock","Rough Trade",0.507,0.529,9,-10.893,1,0.0292,0.293,0.917,0.114,0.241,125.869,4
spotify:track:7wEBZw0VzL7ztfutRPvcL4,"Gossamer Wings","Duck Czn: Tiger Style","Mach-Hommy;Tha God Fahim",2022-10-10,110000,0,true,1225721008,2022-10-10T20:08:53Z,"boom bap,experimental hip hop,alternative hip hop,jazz rap,underground hip hop,east coast hip hop","Mach-Hommy",0.461,0.662,3,-6.864,1,0.0658,0.815,0,0.146,0.371,85.551,4
spotify:track:7qdthSAP02SdvLGisBEVtI,"Cherry","Cherry","Daphni",2022-10-07,355920,24,false,1225721008,2022-10-10T20:18:33Z,"","Jiaolong",0.672,0.976,8,-8.73,1,0.0368,0.0132,0.118,0.0398,0.759,134.006,4
spotify:track:4ilKTNUX2tnJFrFNHJcOHm,"Morning Room I","Languoria","Sofie Birch;Antonina Nowacka",2022-10-07,256682,11,false,1225721008,2022-10-12T14:29:24Z,"ambient,ambient jazz,drone","Mondoj",0.219,0.0726,5,-18.381,1,0.0424,0.99,0.0434,0.346,0.0372,73.715,4
spotify:track:11OmmKjBoDTmMnuIC3muhn,"ours","ours","R.A.P. Ferreira",2022-10-14,166724,0,true,1225721008,2022-10-15T22:41:58Z,"experimental hip hop,jazz rap,alternative hip hop","Ruby Yacht",0.667,0.698,11,-9.591,1,0.273,0.477,0.000602,0.106,0.592,84.27,4
spotify:track:38FBNocdg0qztzEWYeuiE5,"My Only Home","Woeful Studies","Ka",2022-09-16,184053,10,true,1225721008,2022-10-16T03:45:02Z,"experimental hip hop,east coast hip hop,underground hip hop,alternative hip hop","Iron Works Records",0.381,0.409,7,-9.651,1,0.0376,0.933,0,0.371,0.421,66.914,4
spotify:track:41sTKft7OkBgiLQdARWxtC,"Melon","Melon / Yep Yep","Moin",2022-10-05,256432,4,true,1225721008,2022-10-18T15:56:19Z,"noise rock,spoken word","AD 93",0.581,0.348,2,-15.613,1,0.0289,0.0579,0.916,0.193,0.0387,110.01,4
spotify:track:46i95gO6IKxRKX6Yzi66SH,"Somnambulist Blues (feat. Sandro Perri)","Somnambulist Blues (feat. Sandro Perri)","Destroyer;Sandro Perri",2022-10-18,385606,0,false,1225721008,2022-10-18T17:27:22Z,"art pop","Mexican Summer",0.327,0.257,4,-14.081,1,0.0513,0.698,0.59,0.11,0.11,102.359,3
spotify:track:0oEpUfyFdrdakg2ZIBPu95,"One More Chance","One More Chance","Wiki;Subjxct 5;Navy Blue;Lord unknown",2022-10-19,264431,0,false,1225721008,2022-10-19T14:52:24Z,"experimental hip hop,alternative hip hop","Wikset Enterprise",0.513,0.805,1,-7.921,1,0.53,0.283,0.00000246,0.113,0.442,166.872,4
spotify:track:0KifDRZ1gyKjJEzF5GIrhA,"Evergreen","Cold Cuts","Wiki;Subjxct 5;Papo2oo4",2022-10-21,186766,0,false,1225721008,2022-10-21T19:42:39Z,"experimental hip hop,alternative hip hop,cloud rap","Wikset Enterprise",0.528,0.637,1,-6.203,1,0.368,0.136,0,0.41,0.261,144.393,4
spotify:track:70WEQXQed7I4fc6KhAhhZo,"Bossed Up Sense","Cold Cuts","Wiki;Subjxct 5",2022-10-21,171608,0,false,1225721008,2022-10-21T19:46:06Z,"experimental hip hop,alternative hip hop","Wikset Enterprise",0.612,0.883,10,-4.305,0,0.335,0.019,0,0.11,0.495,167.955,4
spotify:track:0AKu9KkLB8OXkPCvIwvOOF,"Bones","Cold Cuts","Wiki;Subjxct 5;Papo2oo4",2022-10-21,227625,0,false,1225721008,2022-10-22T04:13:31Z,"experimental hip hop,alternative hip hop,cloud rap","Wikset Enterprise",0.52,0.801,1,-5.079,1,0.368,0.175,0,0.613,0.372,144.897,4
spotify:track:1VGWzvuuhW4trxmSXRGUYc,"This Is My City - Federal Reserve Version","U Wasn't There","Cam'ron;A-Trak",2022-09-23,210133,14,true,1225721008,2022-10-23T20:27:46Z,"east coast hip hop,disco house","Federal Reserve / EMPIRE",0.537,0.757,1,-8.098,1,0.319,0.038,0.0000201,0.551,0.677,138.11,4
spotify:track:0UkBYoiZGpCzB5uFLwRw00,"Jersey Sub","Cold Cuts","Wiki;Subjxct 5",2022-10-21,327625,0,false,1225721008,2022-10-23T21:31:21Z,"experimental hip hop,alternative hip hop","Wikset Enterprise",0.422,0.679,11,-5.408,0,0.266,0.423,0,0.0912,0.771,70.263,4
spotify:track:5MU2q1xtnmC1i1hmETSQKF,"City in a City","Scry","Cole Pulice",2022-09-30,347886,18,false,1225721008,2022-10-24T12:29:43Z,"ambient jazz,ambient,electroacoustic","Moon Glyph",0.418,0.427,5,-7.341,1,0.0324,0.967,0.9,0.106,0.474,143.805,3
spotify:track:36tF6eoNw42PF9KsHV25wg,"Black Alchemy/Hall of Mirrors","Black Alchemy/Hall of Mirrors","Marquis Hill;maassai;Samora Pinderhughes",2022-10-26,360874,13,false,1225721008,2022-10-27T02:47:25Z,"jazz,experimental jazz,nu jazz,experimental hip hop,indie jazz","Edition Records",0.477,0.731,1,-10.907,1,0.0948,0.483,0.0922,0.12,0.713,133.99,4
spotify:track:5s7PBYvyL2yQvVKSVHQlSs,"Dan Marino","Boat Songs","MJ Lenderman",2022-04-29,135750,0,false,1225721008,2022-10-27T23:31:59Z,"alt country","Dear Life Records",0.609,0.351,2,-18.482,1,0.0335,0.963,0.818,0.093,0.707,117.844,4
spotify:track:4Cr005IRDusNuBptWOISun,"Gee Whiz - 1958 Rehearsal","Gee Whiz, 1958-1964","Lou Reed",2022-10-21,110546,5,false,1225721008,2022-10-28T00:09:51Z,"glam rock,proto-punk,art rock","Light in the Attic",0.434,0.326,6,-15.112,0,0.0471,0.995,0.892,0.382,0.236,94.308,4
spotify:track:0RGic4EbMrhaFkkmRNf0vN,"Claptrap Clapback","Claptrap Clapback","Basher",2022-08-31,227146,0,false,1225721008,2022-11-01T13:37:10Z,"","Sinking City Records",0.601,0.765,1,-7.966,1,0.0289,0.0399,0.0435,0.417,0.473,139.817,4
spotify:track:1A8ZPPaeS45JCtdSbdn20N,"peak chroma","peak chroma","caroline",2022-10-31,199000,11,false,1225721008,2022-11-01T15:59:02Z,"slowcore,post-rock","Rough Trade",0.317,0.517,4,-10.65,0,0.0451,0.797,0.303,0.0827,0.0397,65.55,4
spotify:track:5UygAFhpUKHOuBDu3e1OvG,"Foot Wrong","Paste","Moin",2022-10-28,289739,26,false,1225721008,2022-11-02T20:54:28Z,"noise rock,spoken word","AD 93",0.697,0.591,4,-19.28,0,0.0384,0.548,0.921,0.104,0.254,109.989,4
spotify:track:7m5CgpJ9qy91Ghvn56SRJE,"In a Tizzy","Paste","Moin",2022-10-28,202830,14,false,1225721008,2022-11-02T20:59:06Z,"noise rock,spoken word","AD 93",0.318,0.134,6,-20.182,1,0.0645,0.542,0.235,0.373,0.037,66.256,3
spotify:track:7cKNkv4fbirZFxw9AwgP20,"Life Choices","Paste","Moin",2022-10-28,304192,15,true,1225721008,2022-11-02T21:40:53Z,"noise rock,spoken word","AD 93",0.622,0.332,10,-16.432,0,0.0459,0.00537,0.807,0.0768,0.732,82.507,3
spotify:track:3NNDzIN6Rs2rxeHwpXH7yf,"What Do I Do?","What Do I Do?","MIKE",2022-11-03,156244,19,true,1225721008,2022-11-04T12:54:09Z,"experimental hip hop,alternative hip hop,jazz rap","10k",0.442,0.659,11,-5.824,0,0.029,0.259,0.0000038,0.274,0.139,106.149,4
spotify:track:5nm9NdI4RpS7KfAE4B0kiO,"Mess Mend","Comradely Objects","Horse Lords",2022-11-04,258803,15,false,1225721008,2022-11-04T20:52:52Z,"math rock,neo-psychedelic,krautrock,experimental,noise rock","RVNG Intl.",0.561,0.982,2,-10.444,1,0.0557,0.0054,0.918,0.263,0.152,123.901,1
spotify:track:4NfANGUYM8KHGTgxzNP6wg,"May Brigade","Comradely Objects","Horse Lords",2022-11-04,394097,11,false,1225721008,2022-11-04T21:04:47Z,"math rock,neo-psychedelic,krautrock,experimental,noise rock","RVNG Intl.",0.348,0.661,0,-9.132,0,0.068,0.0394,0.86,0.15,0.413,156.74,1
spotify:track:12WtBygLM06NOYXm3aiQoD,"fighting back","5 to the Eye with Stars","R.A.P. Ferreira",2022-11-04,135648,0,true,1225721008,2022-11-05T01:05:39Z,"experimental hip hop,jazz rap,alternative hip hop","Ruby Yacht",0.607,0.702,11,-9.433,1,0.475,0.701,0.000236,0.268,0.681,144.461,4
spotify:track:25xboCi9e1Qq24fSLRr5sO,"death drive freestyle","death drive freestyle","Dean Blunt",2022-11-05,68402,41,false,1225721008,2022-11-06T04:56:13Z,"","World Music",0.547,0.187,5,-14.793,0,0.036,0.672,0.0128,0.13,0.413,50.05,4
spotify:track:1m5x2I92LDLWUSluQI9HaF,"Isolation","Perspective","Molly Joyce;Nathan R. Stenberg;Debbie Towey;Mai Thor;Chris Martin;Donna Ray;Leslye Orr;Matthew Sanford;Kevin Kling;Arbdella Hudson;Richard Grimm;Katie De Leo;Andy Slater;Gabriel Roderick;Nicole Mary Milligan",2022-10-28,214000,0,false,1225721008,2022-11-07T18:58:13Z,"electroacoustic,spoken word,minimalism,experimental,riddim,dancehall,lovers rock,reggae,roots reggae,koplo,dangdut","New Amsterdam",0.443,0.692,1,-9.746,1,0.249,0.429,0,0.343,0.283,103.698,3
spotify:track:3FoZgxFJcwa17Z61erEPUH,"Mas Azalene Wi Amoutenene","Kel Tinariwen","Tinariwen",2022-11-04,253213,0,false,1225721008,2022-11-07T20:12:05Z,"gnawa","Wedge",0.693,0.566,7,-10.236,1,0.0292,0.175,0.0000297,0.161,0.867,159.701,3
spotify:track:67AEPCyEFsuBt1Z9kgDL9t,"heat on, lips on","MK 3.5: Die Cuts | City Planning","Mount Kimbie;Dom Maker",2022-11-04,108413,0,false,1225721008,2022-11-07T20:25:37Z,"","Warp Records",0.541,0.535,6,-10.305,0,0.268,0.769,0.36,0.0791,0.436,124.461,4
spotify:track:0IPFkUscKKM5ONRFC6IrsC,"tender hearts meet the sky","MK 3.5: Die Cuts | City Planning","Mount Kimbie;Dom Maker;keiyaA",2022-11-04,186826,0,false,1225721008,2022-11-07T21:08:41Z,"alternative r&b","Warp Records",0.602,0.534,2,-10.781,0,0.0656,0.785,0.00263,0.112,0.145,92.918,4
spotify:track:1l8EPTkTi7Yocew6CN0vKs,"A Queer Anthology of Drums","A Queer Anthology of Drums","Valentina Magaletti",2022-05-27,198269,0,false,1225721008,2022-11-08T19:37:53Z,"electroacoustic,experimental,musique concrète","bié Records",0.567,0.561,0,-14.92,0,0.0376,0.212,0.843,0.382,0.569,92.072,4
spotify:track:1TLap16vj7q3lToeDfMP8C,"The Culling","King Cobra","Infinity Knives;Brian Ennals;Tyler Moonlight",2022-07-11,84000,10,false,1225721008,2022-11-10T01:43:27Z,"experimental hip hop,indie r&b,alternative r&b","Phantom Limb",0.219,0.276,9,-10.229,0,0.0368,0.865,0.0365,0.109,0.037,100.182,1
spotify:track:2cS1hPezcaLTrfcLAzhJI0,"Stay Ready / Ur Dreamz","Infinite Zonez","Suzi Analogue",2022-09-09,294857,0,false,1225721008,2022-11-10T02:15:20Z,"footwork","Disciples",0.373,0.925,9,-8.174,1,0.0636,0.136,0.747,0.0574,0.882,139.944,4
spotify:track:7jbhzNC14Bkpt8PAUtwrJD,"NNO APOLOGY","Infinite Zonez","Suzi Analogue;Michael Millions",2022-09-09,245250,0,false,1225721008,2022-11-10T02:15:34Z,"footwork","Disciples",0.712,0.971,1,-8.508,1,0.104,0.000937,0.0218,0.135,0.418,160.086,4
spotify:track:5UiZJCWGCeKXycGQ6VjM8H,"For D.F.","Two Centuries","Qasim Naqvi;Wadada Leo Smith;Andrew Cyrille",2022-10-07,328359,4,false,1225721008,2022-11-10T04:55:09Z,"ambient,free jazz,avant-garde,experimental jazz,jazz","Red Hook Records",0.136,0.142,2,-14.143,0,0.0385,0.818,0.909,0.106,0.0388,60.296,3
spotify:track:73kHiNEmTJcfnXRcarT0j8,"The Curve","Two Centuries","Qasim Naqvi;Wadada Leo Smith;Andrew Cyrille",2022-10-07,289589,3,false,1225721008,2022-11-10T14:21:48Z,"ambient,free jazz,avant-garde,experimental jazz,jazz","Red Hook Records",0.147,0.323,5,-21.098,1,0.0409,0.929,0.962,0.0861,0.0709,93.963,4
spotify:track:02qIktWnxfDB4n1kNJ2Q0e,"Cada Músculo","Se Ve Desde Aquí","Mabe Fratti",2022-10-14,234875,12,false,1225721008,2022-11-10T19:26:31Z,"art pop,baroque pop,experimental,electroacoustic","Unheard Of Hope",0.305,0.219,0,-16.226,0,0.0276,0.736,0.166,0.142,0.38,102.38,4
spotify:track:4Q9qFQrqxGL96gLGe0vhEP,"S.O.M.","Spirit Roaming","AKAI SOLO",2022-11-11,260653,1,true,1225721008,2022-11-11T21:14:18Z,"experimental hip hop,alternative hip hop","Backwoodz Studioz",0.318,0.495,1,-10.335,1,0.22,0.0493,0,0.27,0.363,78.286,4
spotify:track:2bxnZC3pl2Xpe3vEfzrh8x,"Black Ice","BAG TALK DELUXE","Pink Siifu;YUNGMORPHEUS;Koncept Jack$son",2022-11-07,166000,8,true,1225721008,2022-11-11T22:17:29Z,"experimental hip hop","Dynamite Hill",0.434,0.467,10,-14.924,0,0.0984,0.54,0.000012,0.116,0.381,162.68,4
spotify:track:6bnlQbnfHEAk0NKbaC8hQz,"Big Bag","BAG TALK DELUXE","Pink Siifu;YUNGMORPHEUS",2022-11-07,176000,8,true,1225721008,2022-11-11T22:25:17Z,"experimental hip hop","Dynamite Hill",0.551,0.699,7,-14.18,1,0.222,0.747,0.00223,0.0947,0.147,77.356,4
spotify:track:0u5nhxmC2EiUR343dKktHd,"FTOS","BAG TALK DELUXE","Pink Siifu;YUNGMORPHEUS",2022-11-07,100000,6,true,1225721008,2022-11-11T22:31:14Z,"experimental hip hop","Dynamite Hill",0.683,0.821,10,-11.893,0,0.103,0.366,0.0000967,0.203,0.652,160.019,4
spotify:track:67U8xjEM846WoQBtRkCs8t,"Pen and Wine","BAG TALK DELUXE","Pink Siifu;YUNGMORPHEUS;Chuck Strangers",2022-11-07,232585,5,true,1225721008,2022-11-11T23:24:40Z,"experimental hip hop,jazz rap","Dynamite Hill",0.673,0.527,7,-10.461,1,0.265,0.0222,0.000849,0.0796,0.412,76.654,3
spotify:track:13rGh7oaW3JEXxNQbYWa7K,"Blue Forces","BAG TALK DELUXE","Pink Siifu;YUNGMORPHEUS;JayBee Lamahj",2022-11-07,229613,5,true,1225721008,2022-11-11T23:36:24Z,"experimental hip hop","Dynamite Hill",0.423,0.793,9,-9.555,0,0.114,0.496,0.00000207,0.389,0.527,99.337,5
spotify:track:4hhLrQSzBeAGVYPYBw5can,"II","Shebang","Oren Ambarchi",2022-09-30,634333,7,false,1225721008,2022-11-14T00:30:06Z,"electroacoustic,drone,ambient,experimental,drone metal,avant-garde,musique concrète,minimalism,free jazz","Drag City",0.535,0.555,10,-18.785,0,0.0374,0.0132,0.884,0.473,0.31,114.997,4
spotify:track:2BSy3MQmJxEEVeVPuCDUM6,"You Ain't Never Lied","Certain Reveries","Ben LaMar Gay",2022-11-11,384506,0,false,1225721008,2022-11-14T14:56:26Z,"experimental jazz,free jazz,indie jazz,afro-cuban jazz,nu jazz","International Anthem",0.347,0.335,1,-15.592,1,0.174,0.933,0.778,0.0857,0.548,86.125,1
spotify:track:1OI1FtNaVPYbfrHF3GmCe5,"Água Futurism","Certain Reveries","Ben LaMar Gay",2022-11-11,696680,0,false,1225721008,2022-11-14T16:04:40Z,"experimental jazz,free jazz,indie jazz,afro-cuban jazz,nu jazz","International Anthem",0.408,0.164,2,-17.627,1,0.0342,0.87,0.855,0.106,0.035,107.256,3
spotify:track:6fDJ4QRwrq7U7sAmfS9b50,"New Tongues Tell Old Fibs.","Certain Reveries","Ben LaMar Gay",2022-11-11,383706,0,false,1225721008,2022-11-14T16:05:10Z,"experimental jazz,free jazz,indie jazz,afro-cuban jazz,nu jazz","International Anthem",0.415,0.548,7,-15.168,1,0.0898,0.739,0.93,0.108,0.386,135.55,1
spotify:track:1OiEyOhzqSVy88ZO6Gzqxf,"PARDON?","Super Champon","Otoboke Beaver",2022-03-23,105466,0,true,1225721008,2022-11-15T03:40:07Z,"noise rock,j-rock,riot grrrl,egg punk,hardcore punk","Damnably",0.297,0.961,7,-1.302,1,0.235,0.0538,0.123,0.33,0.341,130.951,4
spotify:track:4iFJ7m16zSeMGITGXvacoP,"I Ate 14gs of Mushrooms and Bwoy Oh Bwoy","I Don't Give a Fuck About This Rap Shit, Imma Just Drop Until I Don't Feel Like It Anymore","$ilkMoney",2022-11-15,105620,17,true,1225721008,2022-11-18T22:49:09Z,"","DB$B Records",0.602,0.904,10,-5.946,0,0.328,0.269,0,0.203,0.833,154.505,4
spotify:track:78EHZmTh9165VoHqpN1jb8,"Cuummoney Amiliani","I Don't Give a Fuck About This Rap Shit, Imma Just Drop Until I Don't Feel Like It Anymore","$ilkMoney",2022-11-15,172697,12,true,1225721008,2022-11-18T23:11:58Z,"","DB$B Records",0.488,0.919,1,-3.307,1,0.332,0.166,0,0.155,0.516,87.92,4
spotify:track:6nDSPdHkL8dBFP9KitHSa9,"Emmm, Nigga You Is Tasty >:)","I Don't Give a Fuck About This Rap Shit, Imma Just Drop Until I Don't Feel Like It Anymore","$ilkMoney",2022-11-15,187098,7,true,1225721008,2022-11-18T23:23:11Z,"","DB$B Records",0.457,0.808,6,-5.314,1,0.177,0.00794,0,0.128,0.964,79.083,4
spotify:track:0mBXiDC9DcYRJbws3LhGUX,"Holy Man","Holy Man","Kahil El'Zabar;Ethnic Heritage Ensemble;Dwight Trible;David Ornette Cherry",2022-11-18,296587,0,false,1225721008,2022-11-21T16:09:00Z,"free jazz,experimental jazz,avant-garde,jazz funk,cool jazz,hard bop,nu jazz","Spiritmuse Records",0.647,0.304,6,-14.809,1,0.0805,0.503,0.000214,0.186,0.538,108.847,4
spotify:track:34SQ0Qlha2Qj9yYDSGBQqF,"Morrasol","Kveldsragg","Gisle Røen Johansen",2022-09-29,764080,0,false,1225721008,2022-11-22T19:24:38Z,"","Jazzaggression",0.177,0.675,0,-10.506,1,0.0518,0.0359,0.537,0.293,0.292,145.475,4
spotify:track:6nhd4cWEYapY5704NqOcOk,"Reuts","Reuts","15 15",2022-11-16,326622,0,false,1225721008,2022-11-22T20:30:37Z,"","S76",0.523,0.509,1,-8.381,1,0.395,0.0658,0.00701,0.0245,0.574,89.897,4
spotify:track:7MCPnRGyfJfRgnHf4mlvfG,"once the reaper","once the reaper / d.m.ii","Joe Rainey",2022-11-22,316247,1,false,1225721008,2022-11-23T00:31:01Z,"native american music,experimental","Psychic Hotline",0.314,0.73,1,-8.012,0,0.254,0.204,0.304,0.11,0.051,142.677,4
spotify:track:2H6whIoHl5JOsHNgTPhKaj,"d.m.ii","once the reaper / d.m.ii","Joe Rainey",2022-11-22,356533,1,false,1225721008,2022-11-23T00:37:09Z,"native american music,experimental","Psychic Hotline",0.41,0.499,8,-15.481,0,0.0642,0.693,0.875,0.126,0.199,119.658,4
spotify:track:6XhMCqd08EyJKxthfkJowq,"F.I.A.S.O.M. Pt. 1","MATA","M.I.A.",2022-10-14,90973,24,false,1225721008,2022-11-23T19:54:31Z,"","M.I.A./Island",0.3,0.612,8,-5.643,1,0.0503,0.0879,0.557,0.359,0.115,130.575,4
spotify:track:48FhuHbvH4XabWrFJ98f2i,"100% Sustainable","MATA","M.I.A.",2022-10-14,144133,23,false,1225721008,2022-11-23T19:58:24Z,"","M.I.A./Island",0.563,0.883,10,-3.1,1,0.526,0.65,0,0.645,0.854,91.611,4
spotify:track:20cSoj10PeEVXoH1caUtja,"Kicked It in the Sun","Kicked It in the Sun","Zhero;Built To Spill",2022-11-19,226152,0,false,1225721008,2022-11-25T05:22:57Z,"neofolk","Zhero",0.695,0.526,0,-8.269,1,0.0332,0.338,0.0294,0.0782,0.577,130.575,4
spotify:track:777DKeyfmlE6RbhKoN04IQ,"Flaming Swords","Flaming Swords","Fievel Is Glauque",2022-11-25,145400,0,false,1225721008,2022-11-25T17:49:15Z,"shibuya-kei","MATH Interactive",0.504,0.73,5,-5.696,1,0.0492,0.718,0.293,0.372,0.884,86.815,4
spotify:track:6PIunF1Vs8Upk7errimJYE,"marcescent","yield","cktrl",2022-10-28,579640,0,false,1225721008,2022-11-27T22:09:16Z,"ambient jazz","cktrl",0.244,0.0868,0,-17.777,1,0.0405,0.838,0.759,0.105,0.122,74.977,3
spotify:track:7IrDXseVGL8PY19uNpeV5m,"Friend in the Mirror","STAR IN THE HOOD","Klein",2022-11-04,231540,0,false,1225721008,2022-11-28T22:19:38Z,"experimental,musique concrète","Parkwuud Entertainment",0.103,0.122,6,-24.468,0,0.0436,0.832,0.719,0.111,0.171,167.852,5
spotify:track:5jlQpzEgitRRQBI72QJeuI,"postcode wars","STAR IN THE HOOD","Klein",2022-11-04,272457,0,false,1225721008,2022-11-28T22:23:30Z,"experimental,musique concrète","Parkwuud Entertainment",0.26,0.491,10,-13.081,1,0.0618,0.858,0.951,0.136,0.421,99.9,3
spotify:track:6uVZddXkgQIArp8myEHs4x,"Mercury","Gemini Rights","Steve Lacy",2022-07-15,295411,63,true,1225721008,2022-11-30T20:02:01Z,"","L-M Records/RCA Records",0.699,0.75,9,-6.481,0,0.0542,0.543,0.0137,0.333,0.887,151.035,3
spotify:track:5Z4EEIaSzeRmYze3W47S1k,"Amber","Gemini Rights","Steve Lacy",2022-07-15,173529,53,false,1225721008,2022-11-30T20:08:45Z,"","L-M Records/RCA Records",0.507,0.396,6,-7.637,1,0.0251,0.704,0.00115,0.162,0.366,89.908,4
spotify:track:04ssnZxEPeyrenIMtnsjzD,"Purple","Divine -C","504 Aquatic",2022-11-18,342000,0,false,1225721008,2022-11-30T20:55:57Z,"","kshack",0.77,0.636,1,-17.055,1,0.142,0.0691,0.867,0.333,0.812,138.05,4
spotify:track:0b0ZkWd4uluofwpuOBqznZ,"No Sweat In My Sweatpants","Writings Ov Tomato","Gav & Jord;Equiknoxx",2022-06-24,220150,0,false,1225721008,2022-12-01T21:34:46Z,"dancehall,soca,dub techno","MAL",0.79,0.512,11,-16.774,1,0.041,0.0276,0.954,0.123,0.707,132.974,4
spotify:track:410TZrK18uRjtsTunG14cl,"Middle of the Ocean","Her Loss","Drake",2022-11-04,356389,65,true,1225721008,2022-12-01T23:50:04Z,"rap","OVO / Republic Records",0.621,0.707,4,-5.844,0,0.355,0.158,0,0.394,0.255,76.21,4
spotify:track:35tJKCIDe8L915TEBAks0g,"We Win (with Kirk Franklin) - Space Jam: A New Legacy","Space Jam: A New Legacy (Original Motion Picture Soundtrack)","Lil Baby;Kirk Franklin",2021-07-09,194999,30,false,1225721008,2022-12-01T23:50:45Z,"gospel,christian r&b,worship","Space Jam 2 Soundtrack",0.478,0.921,6,-3.61,1,0.341,0.0182,0,0.749,0.418,84.377,4
spotify:track:1GMA7ApmOCE8JAfp6rGVeD,"Part III","Trio III (Radio Edits)","Marty Holoubek;Eiko Ishibashi;Tatsuhisa Yamamoto",2022-06-15,448600,3,false,1225721008,2022-12-02T00:01:41Z,"experimental jazz,free jazz,electroacoustic,avant-garde,nu jazz","APOLLO SOUNDS",0.26,0.0825,2,-23.484,1,0.0388,0.771,0.831,0.103,0.0968,76.599,4
spotify:track:50Ys3MIsr02JWrtFvAKvA8,"tagabow (intro)","s","They Are Gutting a Body of Water",2022-10-17,205157,0,false,1225721008,2022-12-02T00:16:00Z,"shoegaze,slowcore,noise rock","Smoking Room",0.422,0.881,9,-7.209,0,0.0404,0.00182,0.934,0.432,0.436,100.033,4
spotify:track:1bBZXwhr50og1mixZE65w8,"Sparrowpit","From There / To Here: UK / US Recordings 1974-1982","Bridget St John",2022-08-26,188666,3,false,1225721008,2022-12-02T03:26:14Z,"folk","Cherry Red Records",0.688,0.636,7,-12.035,1,0.0445,0.541,0.000158,0.115,0.753,120.627,4
spotify:track:5apBs0yy8O0OcVWmmC4dwF,"Flood Stage","Flood Stage","Daniel Bachman",2022-09-20,306198,0,false,1225721008,2022-12-02T03:29:20Z,"","Three Lobed Recordings",0.164,0.416,8,-19.287,1,0.0791,0.827,0.969,0.542,0.204,131.521,3
spotify:track:7g8xPLltzOpOlTvnXPhZBR,"Mourning Dove","Cicada Lite (Live in Texas)","Sam Gendel",2022-07-29,362013,2,false,1225721008,2022-12-02T03:44:47Z,"ambient jazz,nu jazz,experimental jazz,indie jazz","Unseen Worlds",0.123,0.299,3,-11.977,1,0.0334,0.901,0.919,0.0668,0.218,85.995,4
spotify:track:2vRidmUrgY8KWpVbs2eHAA,"The Positive and the Negative","The Positive and the Negative","Surprise Chef",2022-01-21,287349,14,false,1225721008,2022-12-02T03:53:00Z,"jazz funk,indie jazz,jazz house","Mr Bongo",0.38,0.563,3,-14.17,1,0.0502,0.0132,0.875,0.107,0.235,93.751,4
spotify:track:7s1xvCakJRMh6kNCdVyPbi,"Oceans Of Milk And Treacle","Oceans of Milk and Treacle","Mike Cooper",2022-01-14,258574,0,false,1225721008,2022-12-02T03:54:35Z,"electroacoustic,exotica,experimental,avant-garde","Room 40",0.193,0.451,0,-10.93,1,0.0336,0.053,0.00275,0.0601,0.364,116.939,4
spotify:track:0lMclTOPx6KUqmSnEJQHIr,"Clear Major","Clear Major","Ches Smith",2022-03-25,929453,0,false,1225721008,2022-12-02T04:05:44Z,"free jazz,experimental jazz,avant-garde,jazz","Pyroclastic Records",0.369,0.198,11,-19.442,0,0.0523,0.9,0.743,0.125,0.207,144.137,3
spotify:track:27ZZdyTSQWI7Cug2d2PkqV,"BILLIE EILISH.","BILLIE EILISH.","Armani White",2022-05-19,99282,65,true,1225721008,2022-12-02T04:21:13Z,"","Legendbound, LLC / Def Jam Recordings",0.9,0.509,1,-6.647,1,0.257,0.115,0.00000167,0.0937,0.765,100.007,4
spotify:track:6lui1wmEWygXjUDug0h73Z,"Movement 7","At Issue","Kim Gordon;Loren Connors",2022-01-05,199200,4,false,1225721008,2022-12-02T04:30:00Z,"noise rock,electroacoustic,avant-garde,ambient folk,drone","Atypeek Music / Alara Music",0.162,0.172,7,-16.268,1,0.0401,0.987,0.348,0.16,0.0349,67.259,4
spotify:track:2zhkp6DyHkPDD3DIJGIuNc,"New Kind Of Border","Follower","Chris Abrahams",2022-12-02,258672,0,false,1225721008,2022-12-02T15:01:18Z,"electroacoustic,experimental jazz,musique concrète,experimental,avant-garde,drone,ambient","Room 40",0.43,0.547,3,-14.694,1,0.205,0.0725,0.0318,0.115,0.253,132.185,4
spotify:track:6dG3InoQ9BSumj2YGiyp9E,"Glassy Tenseness Of Evening","Follower","Chris Abrahams",2022-12-02,483763,0,false,1225721008,2022-12-02T15:18:19Z,"electroacoustic,experimental jazz,musique concrète,experimental,avant-garde,drone,ambient","Room 40",0.43,0.228,10,-24.759,0,0.0623,0.112,0.693,0.31,0.0342,100.554,4
spotify:track:2UoIMQMNZu4r7WEcGVMEzR,"Movement 2","At Issue","Kim Gordon;Loren Connors",2022-01-05,304346,4,false,1225721008,2022-12-02T19:08:10Z,"noise rock,electroacoustic,avant-garde,ambient folk,drone","Atypeek Music / Alara Music",0.162,0.3,2,-14.535,1,0.0363,0.968,0.922,0.108,0.0384,77.274,1
spotify:track:3tkftcdXeI7mSLY2hO19aR,"Gold Chain Punk (whogonbeatmyass?)","Diaspora Problems","Soul Glo",2022-03-25,227000,33,true,1225721008,2022-12-03T19:38:05Z,"hardcore punk,screamo,hardcore,mathcore,noise rock","Epitaph",0.3,0.964,6,-1.779,0,0.184,0.000234,0.0268,0.303,0.187,141.759,4
spotify:track:56p4E0RnszSARfRvtflXCF,"Storm Rips Banana Tree","Orange","CS + Kreme",2022-11-04,1194880,1,false,1225721008,2022-12-04T22:09:38Z,"electroacoustic,ambient","The Trilogy Tapes",0.319,0.448,1,-15.6,1,0.0483,0.412,0.772,0.0943,0.0382,119.635,5
spotify:track:0KgqfFDS6vvzZ50IozlD1Y,"Hangover Game","Boat Songs","MJ Lenderman",2022-04-29,136124,0,false,1225721008,2022-12-05T18:48:20Z,"alt country","Dear Life Records",0.535,0.808,4,-11.782,1,0.0371,0.00864,0.186,0.361,0.885,119.895,4
spotify:track:27IyDvGEoJiZbhD4PG4lV7,"MYSTICAL","Jp5000","Junglepussy",2022-02-04,112188,13,true,1225721008,2022-12-05T19:09:55Z,"alternative r&b","Junglepussy",0.413,0.739,6,-7.273,0,0.098,0.0759,0.0000756,0.31,0.472,124.277,3
spotify:track:1ecnvIuufdS0qLLuPSU3rA,"Work My (SBF21)","Work My (SBF21)","DJ Manny",2022-09-28,192000,0,false,1225721008,2022-12-06T23:22:57Z,"footwork,baltimore club,chicago house","Moveltraxx",0.832,0.484,8,-11.878,1,0.323,0.0157,0.935,0.109,0.0883,159.918,4
spotify:track:5U1VSnoou2OIDdjfPqBODP,"Drop Down Do A Split","Street Bangers Factory 21","DJ Roc;Katie Got Bandz;The Crack Capone DJ Roc",2022-09-30,312683,0,false,1225721008,2022-12-06T23:36:06Z,"footwork,baltimore club,chicago house,chicago drill,drill","Moveltraxx",0.891,0.471,7,-7.929,1,0.131,0.0029,0.154,0.0918,0.513,80.005,4
spotify:track:7blUTatKmxVzkQEuK677GM,"Trans Feminist Symphonic Music","Trans Feminist Symphonic Music","Gavilán Rayna Russom",2022-02-16,4274400,0,false,1225721008,2022-12-07T16:29:47Z,"experimental","Longform Editions",0.306,0.659,0,-18.692,1,0.407,0.886,0.866,0.0842,0.0742,200.013,4
spotify:track:6EnttjY7yMfmnRJvqFUFKk,"The Other Village","Elastic Wave","Gard Nilssen Acoustic Unity",2022-07-15,209766,1,false,1225721008,2022-12-07T18:27:56Z,"free jazz,jazz","ECM Records",0.29,0.246,5,-11.14,0,0.0332,0.737,0.627,0.131,0.263,96.787,4
spotify:track:3IfubiA2HlLdwwNShXwW7q,"BLUE CRUSH ANGEL","Spiderr","Bladee",2022-09-30,194707,35,false,1225721008,2022-12-07T18:42:25Z,"cloud rap,hyperpop","YEAR0001",0.74,0.311,6,-13.083,1,0.0534,0.903,0.0589,0.163,0.766,129.938,4
spotify:track:7GFEXDAJUFdrD3ugiFBp23,"Radio fra ura","Radio fra ura","John Pål Inderberg Trio",2022-09-30,293266,1,false,1225721008,2022-12-07T20:26:03Z,"","Arc Recordings",0.516,0.606,2,-13.386,1,0.862,0.739,0.0000411,0.101,0.647,69.202,4
spotify:track:74loibzxXRL875X20kenvk,"Poland","Poland","Lil Yachty",2022-10-11,83200,59,true,1225721008,2022-12-07T20:52:28Z,"","Quality Control Music/Motown Records",0.654,0.548,2,-8.723,1,0.0513,0.154,0.844,0.112,0.246,74.972,4
spotify:track:2oNuhUC7oQKmYXqAfQ6CUz,"Pour the Light In","Summer at Land's End","The Reds, Pinks and Purples",2022-02-04,249608,0,false,1225721008,2022-12-07T21:33:37Z,"jangle pop","Slumberland Records",0.492,0.654,6,-12.864,1,0.036,0.0396,0.514,0.408,0.433,140.073,4
spotify:track:5hfGDFYTBwtPM5WHPFJZpl,"With Water Up To Her Knees","With Water Up To Her Knees","Lisa Lerkenfeldt",2022-11-25,249902,0,false,1225721008,2022-12-08T05:40:50Z,"drone,electroacoustic,ambient,musique concrète,experimental","Shelter Press",0.383,0.0119,0,-21.65,1,0.0342,0.995,0.854,0.104,0.0854,59.834,4
spotify:track:6yPFvTd1yLy6jHljMknRAK,"Tate-waku (竪沸く, rising steam)","blueblue","Sam Gendel",2022-10-14,314265,0,false,1225721008,2022-12-08T05:45:59Z,"ambient jazz,nu jazz,experimental jazz,indie jazz","Leaving Records",0.456,0.21,7,-13.48,0,0.035,0.89,0.162,0.094,0.255,140.088,4
spotify:track:0F5Mqp5mKqXQhUyMbUgQ3O,"Hung Up","Paste","Moin",2022-10-28,261733,22,false,1225721008,2022-12-08T15:05:32Z,"noise rock,spoken word","AD 93",0.853,0.457,6,-13.68,0,0.0618,0.0261,0.146,0.0784,0.0669,105.03,4
spotify:track:175DcA478IXvonRxNPS1Za,"Imprinting","Imprinting","The Necks",2022-12-06,1034453,0,false,1225721008,2022-12-09T13:21:18Z,"experimental jazz,ambient jazz,free jazz,experimental","Northern Spy Records",0.579,0.455,9,-14.772,0,0.0419,0.125,0.689,0.0761,0.0342,115.74,4
spotify:track:3r6hl1aKH5619iYsaoPSsP,"Vocal Trance Playlist","Full Moon Mystery Garden","Wicca Phase Springs Eternal;Holy Mountain",2022-11-11,206000,19,false,1225721008,2022-12-09T13:22:22Z,"emo rap,cloud rap","Wicca Phase Springs Eternal",0.514,0.708,10,-8.612,1,0.146,0.142,0.457,0.0923,0.352,160.001,4
spotify:track:3iRdmIOBMgVzMXZ0U7O1Wh,"House at the River's Bend","Full Moon Mystery Garden","Wicca Phase Springs Eternal;Swan Lingo",2022-11-11,165000,18,false,1225721008,2022-12-09T13:22:42Z,"emo rap,cloud rap","Wicca Phase Springs Eternal",0.719,0.451,5,-8.161,1,0.0541,0.0466,0.0000983,0.117,0.411,127.979,4
spotify:track:1hV7HlbKJ7yKxI3WI47vLa,"Tumblr Moon","Full Moon Mystery Garden","Wicca Phase Springs Eternal",2022-11-11,154330,18,false,1225721008,2022-12-09T13:22:47Z,"emo rap,cloud rap","Wicca Phase Springs Eternal",0.165,0.647,0,-7.496,1,0.0442,0.0906,0.776,0.206,0.452,150.265,4
spotify:track:6UeZxBYxfiJ4eU6BP8w7Yo,"Flood Stage","Almanac Behind","Daniel Bachman",2022-11-18,306198,0,false,1225721008,2022-12-11T21:26:19Z,"","Three Lobed Recordings",0.164,0.416,8,-19.287,1,0.0791,0.827,0.969,0.542,0.204,131.521,3
spotify:track:4yO5BcBTx35p8yy3g1cHf6,"Il bersagliere ha cento penne","Canti di guerra, di lavoro e d‘amore","Silvia Tarozzi;Deborah Walker",2022-06-10,199902,2,false,1225721008,2022-12-11T21:30:58Z,"musique concrète,electroacoustic,contemporary classical,avant-garde,experimental,minimalism,ambient folk,drone","Unseen Worlds",0.422,0.41,7,-10.145,1,0.0548,0.91,0.00345,0.0933,0.366,121.832,4
spotify:track:7Ki0xiZKcrBEnPrjCqqOoT,"Hold The Line","Say Laura","Eric Chenaux",2022-02-18,816182,2,false,1225721008,2022-12-11T21:55:11Z,"","Constellation",0.501,0.0372,10,-21.131,1,0.0386,0.967,0.686,0.0919,0.278,80.521,4
spotify:track:2gNYF7hcGCugn9lH5fjnZw,"Intentions","Cry Sugar","Hudson Mohawke",2022-08-12,258480,0,false,1225721008,2022-12-11T22:23:22Z,"","Warp Records",0.419,0.74,7,-5.601,1,0.0876,0.233,0.00135,0.123,0.254,149.699,4
spotify:track:0vfhwRJ6iMHusq68onityY,"MEDITATION RAG","Jazz Codes","Moor Mother;Aquiles Navarro;Alya Al Sultani",2022-07-01,271058,9,false,1225721008,2022-12-11T22:27:22Z,"experimental hip hop,experimental,spoken word,experimental jazz,nu jazz,indie jazz,free jazz","Anti/Epitaph",0.274,0.505,1,-10.323,1,0.0981,0.803,0.654,0.149,0.0501,84.899,4
spotify:track:00PvzRathsuAvCbLusUmcB,"Kdala Ngiwa Ngivuka","Ama Gogela","Phelimuncasi;DJ Scoturn",2022-05-13,331000,0,false,1225721008,2022-12-11T22:44:57Z,"gqom,singeli","Nyege Nyege Tapes",0.846,0.706,1,-4.944,0,0.296,0.0214,0,0.396,0.537,130.07,4
spotify:track:64VMJjlS8PZ7rf5jYU8gji,"La lega","Canti di guerra, di lavoro e d‘amore","Silvia Tarozzi;Deborah Walker;Coro delle Mondine di Bentivoglio",2022-06-10,149548,7,false,1225721008,2022-12-11T22:55:26Z,"musique concrète,electroacoustic,contemporary classical,avant-garde,experimental,minimalism,ambient folk,drone,traditional music","Unseen Worlds",0.218,0.481,11,-6.92,1,0.0462,0.654,0,0.225,0.391,143.251,3
spotify:track:3nmm4WUnrYffwBhgj3oYDJ,"Icon Studies I","Two Sisters","Sarah Davachi",2022-09-09,743422,0,false,1225721008,2022-12-12T04:40:26Z,"drone,ambient,electroacoustic,dark ambient,minimalism,experimental","Late Music",0.133,0.0326,2,-27.206,0,0.045,0.874,0.87,0.155,0.027,76.068,4
spotify:track:5VwdHqYo4PRXWi09uykyv0,"Country cloud","Canti di guerra, di lavoro e d‘amore","Silvia Tarozzi;Deborah Walker",2022-06-10,213250,3,false,1225721008,2022-12-12T16:06:38Z,"musique concrète,electroacoustic,contemporary classical,avant-garde,experimental,minimalism,ambient folk,drone","Unseen Worlds",0.355,0.393,9,-16.012,1,0.047,0.938,0.829,0.141,0.391,90.665,4
spotify:track:5dTSpCxivU5Rz6lq74SCyw,"Blues Run The Game - Home Recording 1966","Early Home Recordings","Sandy Denny",2022-05-06,208240,0,false,1225721008,2022-12-12T18:09:43Z,"folk rock,folk","Earth Recordings",0.369,0.0217,10,-21.605,1,0.0471,0.987,0.00671,0.103,0.553,162.955,4
spotify:track:0wlUWhbpG8jvVxrKvCIrhj,"Sound of an Unperplexed Wren","Words and Silences","Brian Harnetty",2022-10-07,357560,1,false,1225721008,2022-12-12T21:37:32Z,"musique concrète,ambient folk,spoken word,anti-folk,electroacoustic","Winesap Records",0.386,0.134,6,-21.79,1,0.0486,0.933,0.0306,0.176,0.165,114.381,1
spotify:track:0AaJOO0n1lGu56nnPtscGi,"N 20 58","Goebbels/Glass/Radigue","Heiner Goebbels;Erwan Keravec",2020-11-13,841463,2,false,1225721008,2022-12-12T19:24:47Z,"avant-garde,japanese classical,electroacoustic,free jazz","Buda musique",0.129,0.568,5,-16.255,1,0.113,0.00231,0.711,0.28,0.0505,152.02,3
spotify:track:300QlVrbOvrVP1yvSXz75F,"Soli","At Scaramouche","Shabason & Krgovich;Joseph Shabason;Nicholas Krgovich",2022-10-07,245800,15,false,1225721008,2022-12-13T15:10:16Z,"ambient jazz,ambient","Idée Fixe Records",0.592,0.234,5,-15.41,1,0.0343,0.906,0.366,0.118,0.177,78.021,4
spotify:track:0oKwJ9tpqJwgZfA4a4Hxbt,"All Pervading","Ocean","Laraaji",2022-11-17,1458746,1,false,1225721008,2022-12-15T19:21:49Z,"ambient,new age,drone","Numero Group",0.293,0.315,8,-18.648,0,0.0339,0.892,0.856,0.118,0.145,129.747,4
spotify:track:5NtffXtmmTewBBFOBHKWHb,"usedtoo","bonded","B. Cool-Aid;Pink Siifu;Ahwlee;Jay Feeniks",2022-12-01,227127,3,true,1225721008,2022-12-16T01:24:44Z,"experimental hip hop,indie r&b","Lex Records",0.42,0.631,6,-8.655,1,0.128,0.0062,0.0000189,0.1,0.145,172.344,4
spotify:track:15KpwoanlLeabMCe6AR6mT,"Block List","Block List","RXKNephew",2022-10-07,151766,41,true,1225721008,2022-12-16T01:35:55Z,"cloud rap,experimental hip hop","New Breed Trapper",0.666,0.502,1,-12.292,1,0.377,0.287,0.0000161,0.175,0.433,152.599,4
spotify:track:3hdG1CtipAJ4M3XtHwk36e,"Missionary Cause We Boaf Cute","What Y'all Mad About Today","Chris Crack",2022-10-21,127633,11,true,1225721008,2022-12-16T01:50:08Z,"boom bap,experimental hip hop","New Deal Collectives",0.657,0.716,5,-4.884,0,0.27,0.192,0,0.109,0.532,78.215,4
spotify:track:6GBgbltMAHgl2fBISWpZ7g,"give my regards to Brooklyn","give my regards to Brooklyn","aja monet",2022-06-29,562924,15,false,1225721008,2022-12-17T01:15:26Z,"spoken word,experimental jazz","drink sum wtr",0.594,0.763,7,-7.052,1,0.201,0.116,0.00000954,0.174,0.381,100.709,4
spotify:track:0Ge830PIFQeaVR3na2ILrV,"Degree","Deep in View","Cola",2022-05-20,171946,0,false,1225721008,2022-12-20T00:19:20Z,"post-punk,egg punk","Fire Talk",0.509,0.873,11,-7.596,1,0.0322,0.0000524,0.769,0.114,0.762,150.165,4
spotify:track:0tNrN0bhqi1jtMKcURc5Si,"Landers","Deep in View","Cola",2022-05-20,258372,0,false,1225721008,2022-12-20T00:43:51Z,"post-punk,egg punk","Fire Talk",0.504,0.33,6,-13.541,1,0.0337,0.949,0.32,0.117,0.134,75.039,4
spotify:track:2HRqfB4IgXhMjW5zp3F82W,"Anthem for the Earnest","Anthem for the Earnest","The Bad Plus",2022-12-20,422703,8,false,1225721008,2022-12-20T15:11:49Z,"jazz,experimental jazz,jazz fusion,nu jazz","Edition Records",0.551,0.638,7,-6.809,1,0.0352,0.608,0.914,0.0984,0.417,82.308,3
spotify:track:47bJ3Y7rzTXxQGug01lewN,"I Will Go","Ghost Riders","The Tempters",2022-10-14,258693,5,false,1225721008,2022-12-20T17:22:48Z,"","Efficient Space",0.43,0.333,9,-10.518,1,0.0306,0.701,0.716,0.244,0.152,103.628,3
spotify:track:1966aqPduADQZhamyUnaOq,"Ponte","Alto//Piano","Everest Magma",2022-11-18,169000,0,false,1225721008,2022-12-20T17:59:04Z,"","Maple Death Records",0.58,0.564,8,-10.843,0,0.0314,0.902,0.175,0.16,0.54,149.739,5
spotify:track:6yWURlmoD3dp8Lr19cfH2R,"Cosimo","Alto//Piano","Everest Magma",2022-11-18,198500,0,false,1225721008,2022-12-20T18:13:32Z,"","Maple Death Records",0.439,0.564,11,-12.509,1,0.28,0.738,0.00327,0.481,0.171,144.15,3
spotify:track:3Q5UpQqLPv98HiMVGzlxI3,"Nigga I am playing Skate 2 while fucking your bitch","*47*","st47ic",2022-09-07,54106,31,false,1225721008,2022-12-21T19:17:52Z,"cloud rap,underground hip hop","2487346 Records DK",0.557,0.87,1,-1.01,1,0.0386,0.122,0,0.266,0.106,118.739,5
spotify:track:682csRrfYh4paLGqYGubM7,"pink neon lights","Pink","islurwhenitalk",2022-05-17,147121,20,true,1225721008,2022-12-21T20:26:40Z,"hyperpop,cloud rap","3112843 Records DK",0.291,0.634,0,-6.586,0,0.08,0.0158,0.00415,0.18,0.361,154.917,5
spotify:track:6TIl8IznVjlHKu1HD596yi,"Memory","Icons","Two Shell",2022-06-30,304733,13,false,1225721008,2022-12-21T20:26:52Z,"","Mainframe Audio",0.425,0.831,7,-9.194,1,0.0468,0.171,0.694,0.482,0.122,128.77,4
spotify:track:1hboZZxKIEjLHRIkhx4Soi,"#miles","#miles","skaiwater",2022-05-04,115138,56,false,1225721008,2022-12-21T20:30:51Z,"jersey club,hyperpop","Cinematic Music Group",0.39,0.305,8,-13.392,0,0.0555,0.489,0.0687,0.155,0.166,157.155,4
spotify:track:3sxKEkfOGplFVFazTVtoKj,"The Hermit","The Ruby Cord","Richard Dawson",2022-11-18,2460440,15,false,1225721008,2022-12-21T23:12:57Z,"art rock","Domino Recording Co",0.363,0.132,0,-15.15,1,0.0353,0.378,0.0173,0.283,0.0803,102.895,3
spotify:track:15TQGEl1D0C5ztvvvnFCw7,"Free Composition Number 6","Claudia's Ethereal Weaver","Sad Eyed Beatniks",2022-01-28,344773,4,false,1225721008,2022-12-22T04:25:15Z,"jangle pop","Meritorio Records",0.771,0.475,2,-9.689,1,0.038,0.108,0.748,0.166,0.452,78.616,4
spotify:track:7sc9lFjiliZc2UFjjkSZEV,"smooth jazz","smooth jazz","Serengeti",2022-12-12,154056,1,true,1225721008,2022-12-23T15:51:35Z,"experimental hip hop","CC KING",0.684,0.823,1,-9.031,1,0.135,0.526,0,0.0644,0.449,90.114,4
spotify:track:4DCuitgB4gGsytmrQzUKZr,"Bad`a بدع","Ima ایما","Tegh;Adel Poursamadi",2022-07-22,640000,0,false,1225721008,2022-12-23T16:07:32Z,"drone,electroacoustic,experimental","Injazero Records",0.154,0.17,9,-16.767,1,0.0382,0.275,0.861,0.548,0.0283,106.182,1
spotify:track:5NTdpKlln8s6hMm0mcjf85,"Juke Song","Str8 from Da Raq","FendiDa Rappa",2021-12-07,249077,26,true,1225721008,2022-12-23T19:28:21Z,"footwork","3502564 Records DK",0.883,0.434,8,-7.596,0,0.137,0.0109,0.216,0.0853,0.045,80.014,4
spotify:track:3Yu5XohK3sDfSg5os4ARFm,"KI-KI","KI-KI","YEИDRY",2022-05-06,141335,44,false,1225721008,2022-12-26T03:48:56Z,"","Sony Music Latin/RCA Records",0.944,0.651,0,-6.702,1,0.249,0.127,0.00112,0.0792,0.598,129.985,4
spotify:track:6zi7pEF0yx0p9s038vxwrT,"Cliff Hanger (Remix)","Off The Mussle (Deluxe)","OTM",2022-01-27,317717,0,true,1225721008,2022-12-27T17:55:12Z,"","Stinc Team x Off The Mussle",0.784,0.444,5,-13.905,0,0.27,0.658,0.000161,0.178,0.424,99.994,4
spotify:track:72z9NqIiCPz4pjtaq8xQOY,"Kveldsragg","Kveldsragg","Gisle Røen Johansen",2022-09-29,939957,0,false,1225721008,2022-12-27T22:27:49Z,"","Jazzaggression",0.284,0.42,3,-12.039,1,0.0375,0.454,0.284,0.102,0.274,116.698,3
spotify:track:2ZdG0AMgHunnhkhSCNuiqt,"Ipari Park","Beware of the Monkey","MIKE;Klein",2022-12-21,161982,44,true,1225721008,2022-12-30T00:21:24Z,"experimental hip hop,alternative hip hop,jazz rap,experimental,musique concrète","10k",0.349,0.834,6,-7.767,1,0.292,0.0468,0.00000225,0.418,0.537,166.075,4
spotify:track:23RtJlE0olKSntUnYMiGbg,"As 4 Me","Beware of the Monkey","MIKE",2022-12-21,103347,47,true,1225721008,2022-12-30T00:57:33Z,"experimental hip hop,alternative hip hop,jazz rap","10k",0.458,0.875,8,-5.272,0,0.262,0.625,0.00000116,0.696,0.838,86.984,4
spotify:track:4O9icaX9uwFqdFm9DmC26Q,"euphoria","euphoria","Che;Specxfic",2022-02-21,169629,51,true,1225721008,2022-12-31T20:06:05Z,"rage rap,underground hip hop","spec & che lol",0.565,0.351,5,-8.295,1,0.253,0.394,0,0.53,0.724,68.808,3
spotify:track:5teSgJfTCFK0ngDASJb99U,"Waddup (feat. Polo G)","Waddup (feat. Polo G)","PGF Nuk;Polo G",2022-04-02,181540,53,true,1225721008,2022-12-31T20:12:54Z,"chicago drill,new york drill,drill","Alamo",0.706,0.637,1,-7.261,1,0.35,0.187,0,0.199,0.289,76.062,4
spotify:track:0AgJkWa1PsIeA5CrOgV1Gm,"Glitch","Glitch","DJ MikeyG;Mori Briscoe",2022-05-15,107113,0,true,1225721008,2022-12-31T20:13:32Z,"new york drill,brooklyn drill,drill","3945644 Records DK",0.766,0.778,9,-8.613,1,0.465,0.00576,0,0.0814,0.234,170.175,4
spotify:track:0Tme1gffQUvjvcocQ2FHTM,"See Red","See Red","TaTa;Jenn Carter",2022-05-27,120047,48,true,1225721008,2022-12-31T20:28:08Z,"new york drill,drill,sexy drill,brooklyn drill,jersey club","Republic Records",0.656,0.867,6,-3.863,1,0.349,0.395,0,0.231,0.855,145.188,4
spotify:track:0t9V60QxyMyVZSUVTBgOnt,"Bitch Where","4NEM","Chief Keef",2021-12-17,111483,0,true,1225721008,2022-12-31T20:28:23Z,"chicago drill,drill","RBC Records",0.308,0.887,8,-1.884,1,0.103,0.0886,0,0.18,0.34,80.774,4
spotify:track:1Um0VBEUksMQfbeHOaDcrv,"Heaven for Thugs (Letter to Wap)","Heaven For Thugs (Letter to Wap)","NoCap",2022-10-12,390861,38,true,1225721008,2022-12-31T20:28:37Z,"","Never Broke Again, LLC",0.629,0.359,8,-9.927,0,0.168,0.671,0,0.105,0.668,134.861,4
spotify:track:7AhgEWQWDBalQrdeidAWzR,"Sorry Not Sorry - Remix","Sorry Not Sorry (Remix)","Latto;Omeretta the Great",2022-03-04,195191,25,true,1225721008,2022-12-31T20:58:36Z,"","TSO Music Group",0.935,0.706,1,-3.869,1,0.173,0.133,0,0.0521,0.295,130.015,4
spotify:track:46gfN72BxmLvACx6Pve4XU,"Dull","Mr. Money With The Vibe","Asake",2022-09-07,100173,65,false,1225721008,2023-01-03T20:17:03Z,"afrobeats,afrobeat,afropiano,afro adura,afropop,amapiano,afroswing,afro r&b","YBNL Nation / EMPIRE",0.645,0.324,7,-11.224,1,0.0302,0.733,0.0014,0.547,0.414,115.002,4
spotify:track:23l1J8Xf3MXZu3kULGiP4O,"Blessings - Remix","Blessings (Remix)","Fridayy;Asake",2022-12-09,187112,39,false,1225721008,2023-01-03T20:17:19Z,"afrobeats,afrobeat,afropiano,afro adura,afropop,amapiano,afroswing,afro r&b","FRIDAYY PS/ Def Jam",0.464,0.305,5,-9.343,1,0.0305,0.859,0.00000445,0.112,0.484,86.772,4
spotify:track:7iPXM9PmAwWa2UObKEIiHa,"Vision","America Dream Reserve (Compiled by Charles Bals and Smiling C)","Dunn",2022-10-14,318320,10,false,1225721008,2023-01-04T22:16:01Z,"","Smiling C",0.741,0.312,0,-12.749,1,0.057,0.093,0.014,0.104,0.486,182.694,3
spotify:track:7ohuUmVFh7D5CQ6WNMCcMS,"Talk Around Town","Is It What You Want","Lee Tracy;Isaac Manning",2022-09-30,311671,6,false,1225721008,2023-01-04T23:42:32Z,"","Athens Of The North",0.713,0.594,8,-10.73,0,0.195,0.814,0.368,0.158,0.589,113.532,4
spotify:track:16H2HTsIqcHaDWCtSaPOFv,"Opposite of Love","Is It What You Want","Lee Tracy;Isaac Manning",2022-09-30,265295,14,false,1225721008,2023-01-05T00:04:03Z,"","Athens Of The North",0.52,0.533,8,-11.401,0,0.0362,0.00316,0.198,0.185,0.628,122.771,3
spotify:track:2iV1MuoZODeiy07kMryNkQ,"I Need Your Love","Is It What You Want","Lee Tracy;Isaac Manning",2022-09-30,386673,23,false,1225721008,2023-01-05T00:57:34Z,"","Athens Of The North",0.632,0.423,11,-10.683,1,0.0283,0.843,0.692,0.102,0.644,114.719,4
spotify:track:1Q3rMIOyUEGZ5tiQKQiV6D,"Intro","Through A Room","Bill Nace",2022-11-11,226253,2,false,1225721008,2023-01-05T01:29:41Z,"electroacoustic,experimental,free jazz,drone","Drag City",0.513,0.74,11,-13.107,1,0.105,0.709,0.852,0.0838,0.412,94.936,4
spotify:track:7gOtaGmoUUAe3UGi7WGDw0,"BLACK FACE","UNU","Isaiah Hull",2022-05-16,82931,6,false,1225721008,2023-01-05T14:39:30Z,"","Ghoul Good Inc.",0.746,0.508,7,-8.91,1,0.339,0.321,0.00000223,0.139,0.433,140.092,4
spotify:track:3ZWLuBJphGple8p7Zb4km2,"Thicket","Vol. One","The Ecstasy of Gold",2022-10-06,275878,0,false,1225721008,2023-01-09T16:50:48Z,"avant-garde","Presidente",0.467,0.399,0,-9.458,1,0.0327,0.512,0.897,0.183,0.365,105.422,4
spotify:track:69Vv8FJ5rFLOkrNdYkWSFc,"The Last Herd","Vol. One","The Ecstasy of Gold",2022-10-06,731189,0,false,1225721008,2023-01-09T16:52:00Z,"avant-garde","Presidente",0.266,0.654,0,-6.936,1,0.0403,0.361,0.942,0.106,0.521,107.52,4
spotify:track:1RrGDkNBwd62b2z7KkRiFr,"Harp of Yaman","Harp of Yaman","Christina Vantzou;Michael Harrison;John Also Bennett",2022-06-22,253533,0,false,1225721008,2023-01-10T03:57:46Z,"drone,ambient,electroacoustic,neoclassical,minimalism,experimental,contemporary classical,ambient jazz","Séance Centre",0.103,0.07,9,-24.841,1,0.0475,0.96,0.921,0.0801,0.0748,67.002,3
spotify:track:7K1VFftUZxvRJodfkMXYYm,"Fourth Movement","Symphonic Tone Poem for Brother Yusef","Bennie Maupin;Adam Rudolph",2022-06-17,538386,1,false,1225721008,2023-01-10T18:46:57Z,"free jazz,ambient jazz,jazz fusion,jazz funk,experimental jazz,gnawa,afro-cuban jazz,electroacoustic","Strut",0.45,0.567,10,-11.877,0,0.0732,0.0146,0.202,0.52,0.444,138.65,4
spotify:track:4Oo6l8B3Uv4bBVqYPOpUf8,"The Real Deal - Mixed","DJ-Kicks: Theo Parrish","Theo Parrish;Duminie DePorres",2022-10-28,318733,18,false,1225721008,2023-01-13T15:40:16Z,"jazz house,chicago house","!K7 Records",0.446,0.264,10,-15.73,0,0.029,0.93,0.908,0.108,0.08,103.511,5
spotify:track:3128mQH7IkNP9WnRfaXu5Y,"Surrounded by Trees - Mixed","DJ-Kicks: Theo Parrish","Jason Hogans",2022-10-28,183066,10,false,1225721008,2023-01-13T23:33:38Z,"hip house","!K7 Records",0.8,0.88,7,-11.79,1,0.0498,0.0661,0.922,0.118,0.581,125.905,4
spotify:track:5483syxtZp8gM8LkPgEQgf,"Nothing Tells Us So","Rehearsal Park","Jake Acosta",2022-11-04,1653750,0,false,1225721008,2023-01-23T20:38:38Z,"krautrock","Husky Pants Records",0.602,0.386,4,-12.682,1,0.0363,0.535,0.717,0.103,0.119,155.987,4
spotify:track:2ADFDulV5pehwKqplimvAG,"Cicala","S/t","TRÓNCO",2022-11-30,246000,0,false,1225721008,2023-01-14T18:00:24Z,"","Torto Editions",0.696,0.543,7,-13.596,1,0.211,0.185,0.627,0.158,0.231,94.312,4
spotify:track:4TRqGP3rEcQbrRpioaXMMK,"Bellringer","Bellringer","Linqua Franqa;Jeff Rosenstock",2022-04-22,206133,7,true,1225721008,2023-01-14T19:24:56Z,"folk punk,indie punk,power pop","Ernest Jenning Record Co.",0.619,0.867,4,-8.426,0,0.358,0.0808,0.000106,0.378,0.326,180.216,4
spotify:track:6ZR2lfRA8ejdJ8yWd5QMZV,"Rearview","Pieces Of Driftwood","Maxine Funke",2022-10-07,212480,7,false,1225721008,2023-01-21T22:07:08Z,"","Disciples",0.574,0.372,11,-12.454,1,0.0305,0.678,0.87,0.201,0.232,100.524,4
spotify:track:6vy9XOtdOhaNj8Na4UHFhp,"No Comment Freebeat","Cruise!","DJ Stainless;MOVES x Cruise",2022-05-27,231253,0,false,1225721008,2023-01-24T00:59:20Z,"singeli,afropiano","MOVES Recordings",0.767,0.645,10,-12.855,0,0.316,0.216,0.062,0.108,0.553,146.188,4
spotify:track:31Wi1I3UF0LGBVg76uXfXf,"LL Cool J","Shape Up","Leikeli47",2022-05-13,213840,24,true,1225721008,2023-01-24T01:41:53Z,"ballroom vogue","Hardcover/RCA Records",0.803,0.456,1,-7.629,1,0.45,0.168,0.00000915,0.28,0.504,94.812,4
spotify:track:61aj5xAz6vS2ElIMT4nFqu,"Baseball","Shape Up","Leikeli47",2022-05-13,215840,14,false,1225721008,2023-01-24T01:54:01Z,"ballroom vogue","Hardcover/RCA Records",0.667,0.498,1,-8.002,1,0.156,0.385,0.129,0.111,0.0522,160.013,4
spotify:track:3gPxfcewMlw2h9n24uW4pm,"Carry Anne","Shape Up","Leikeli47",2022-05-13,213613,39,true,1225721008,2023-01-24T01:58:45Z,"ballroom vogue","Hardcover/RCA Records",0.929,0.557,10,-8.9,0,0.364,0.11,0.0702,0.123,0.486,130.054,4
spotify:track:6LSDVIOg5d3SbuQlJTxxZI,"Get The Riches","Shape Up","Leikeli47",2022-05-13,167520,14,true,1225721008,2023-01-24T02:05:56Z,"ballroom vogue","Hardcover/RCA Records",0.752,0.54,2,-10.561,1,0.361,0.0181,0.0124,0.0713,0.509,81.848,4
spotify:track:5Nrs7wLz8uM8EZlMjRNw2U,"Free To Love","Shape Up","Leikeli47",2022-05-13,164200,14,true,1225721008,2023-01-24T02:17:46Z,"ballroom vogue","Hardcover/RCA Records",0.548,0.652,10,-5.461,1,0.071,0.13,0,0.171,0.781,87.472,4
spotify:track:5PsNTmMQmBU0aU8hJcQJBe,"Quem Tá de Motão, Vou Sarrar Puta Na Marcone","Quem Tá de Motão, Vou Sarrar Puta Na Marcone","MC LCKaiique;MC Celo BK;DJ Jeeh FDC;DJ Biel Divulga",2023-01-18,191999,39,true,1225721008,2023-01-25T22:05:47Z,"brazilian funk","Portuga Records/Funk 24por48",0.932,0.942,0,-1.016,1,0.27,0.337,0.00175,0.0447,0.804,129.896,4
spotify:track:0m6rS36KomUcoDLQyRLYx3,"Mega Das Mais, Mais","Ritmos","DJ Jeeh FDC;MC Meno Dani;MC Pipokinha",2022-10-13,169845,10,true,1225721008,2023-01-25T22:09:56Z,"brazilian funk","Zion Gravadora",0.675,0.893,10,-1.147,0,0.356,0.0162,0,0.287,0.699,86.722,5
spotify:track:6CnrqqfK8WNoerB9TaVEu6,"Or head on","Music for Four Guitars","Bill Orcutt",2022-09-02,113172,5,false,1225721008,2023-01-30T17:55:09Z,"free jazz,experimental jazz,electroacoustic,experimental,avant-garde","Palilalia",0.28,0.503,4,-6.754,1,0.0453,0.473,0.865,0.367,0.288,141.908,3
spotify:track:4svxnJwEK6p4oslQe0Janb,"Amun","Neo Griot & The Afrocentric Prince","Neo Griot & The Afrocentric Prince",2022-02-04,212160,0,false,1225721008,2023-01-30T22:56:11Z,"","The Village",0.259,0.836,1,-7.367,0,0.173,0.282,0.00000718,0.211,0.394,143.873,4
spotify:track:5zAFJtHdN5DBTleSfweQSu,"Yield Not To Temptation","Hold Me","Thomas Whitfield",2022-04-08,296336,0,false,1225721008,2023-01-31T00:38:40Z,"","Sound Of Gospel",0.426,0.687,0,-6.029,0,0.0837,0.571,0.00000186,0.228,0.58,85.039,4
spotify:track:7kZcM5pMFH5NlAKYO8mLyL,"Every Motherfucker Is Your Brother","Every Motherfucker is Your Brother","Oort Smog;Patrick Shiroishi",2022-11-11,1739093,0,false,1225721008,2023-02-01T21:49:53Z,"mathcore,avant-garde,ambient jazz,free jazz,electroacoustic,experimental jazz,experimental","AKP Recordings",0.275,0.78,8,-8.905,1,0.0809,0.0807,0.404,0.117,0.0684,173.748,4
spotify:track:3776vbBdvPre0OQjfzJJd7,"Whole Mood","H Is Short For...","Flames Dot Malik;Rob Gates",2022-08-13,166791,6,true,1225721008,2023-02-02T18:57:48Z,"","Ghetto Elegance Empire",0.552,0.467,5,-10.322,0,0.35,0.517,0,0.105,0.696,151.978,4
spotify:track:55lgPC7V1970pcw1yhRCIU,"Desde el Cielo","Se Ve Desde Aquí","Mabe Fratti",2022-10-14,408057,11,false,1225721008,2023-02-11T02:40:15Z,"art pop,baroque pop,experimental,electroacoustic","Unheard Of Hope",0.321,0.444,6,-12.829,0,0.0401,0.353,0.012,0.065,0.262,81.87,4
spotify:track:2Vhndl2q56BTPXVSBGYrv5,"The Cry","GRIEF","Samora Pinderhughes",2022-04-15,69866,7,false,1225721008,2023-02-12T20:10:12Z,"indie jazz","Ropeadope",0.168,0.264,3,-11.447,1,0.0315,0.923,0.000794,0.127,0.228,70.974,4
spotify:track:1Zlj5rlu1uMDxyGONOPtGZ,"Can't Wait","Dubplate 08","Olan Monk",2022-11-24,209866,11,false,1225721008,2023-03-02T03:31:53Z,"","AD 93",0.36,0.678,6,-6.927,1,0.0839,0.0564,0.00208,0.128,0.385,183.86,4
spotify:track:78nbLpzdBdBdxZjbHr8UKZ,"Tezeta","Spiro World","Time Wharp",2022-06-17,366300,0,false,1225721008,2023-03-06T01:31:15Z,"krautrock","Leaving Records",0.155,0.183,0,-14.769,1,0.0362,0.921,0.921,0.113,0.0388,73.882,4
spotify:track:7dHtMjXSbiQ5J1v3sf4oeh,"Wellness","Living Isn't Easy","Robocobra Quartet",2022-06-17,184085,12,false,1225721008,2023-03-27T17:42:17Z,"post-punk,experimental jazz","First Taste Records",0.67,0.751,1,-6.645,1,0.101,0.118,0.000309,0.216,0.551,112.528,4
spotify:track:7Mut6grExPrHEnvba8toSC,"El Galatzó","¡Ay!","Lucrecia Dalt",2022-10-14,212416,31,false,1225721008,2023-04-07T00:46:35Z,"experimental,electroacoustic,art pop,musique concrète,avant-garde","RVNG Intl.",0.745,0.26,0,-10.291,1,0.103,0.392,0.378,0.0937,0.141,143.948,4
spotify:track:3aCLE844K0mbSsnoISB6xf,"Driller 1","Frío","Areliz Ramos",2022-06-24,326812,0,false,1225721008,2023-05-01T18:04:54Z,"","Where To Now?",0.478,0.45,0,-14.473,1,0.0448,0.294,0.768,0.132,0.076,105.996,4
spotify:track:4znpCTMiUQ2N00oiHRFmBU,"Love Vibe","Black James Blake","Nelson Bandela",2022-06-22,227865,0,false,1225721008,2023-06-27T02:55:58Z,"","swiMMMers ear",0.546,0.429,11,-13.788,1,0.103,0.211,0.000106,0.162,0.199,84.217,4
